age,income,citizenship,prior_services,household_size,has_disability,previous_medicaid,previous_wic,eligible_medicaid,eligible_food,eligible_wic
56,21315,1,2,4,0,0,0,0,1,1
69,30955,1,2,1,0,0,0,0,0,0
46,37079,1,2,3,0,0,0,0,0,0
32,32088,0,2,7,0,0,0,0,0,0
60,48092,1,1,2,0,0,0,0,1,0
25,35759,1,3,2,0,0,0,0,1,0
78,25740,1,0,1,0,0,0,0,0,0
38,36017,1,2,4,1,0,0,0,0,0
56,37494,1,0,6,0,0,0,0,0,0
75,10554,1,2,6,0,0,1,1,1,1
36,47241,0,1,5,0,0,0,0,0,0
40,25486,1,1,4,1,0,0,0,0,0
28,25870,1,0,6,0,0,0,1,0,0
28,41270,0,1,4,0,0,0,0,0,0
41,41207,0,0,2,0,0,0,0,0,0
70,19487,1,1,7,0,0,0,1,1,0
53,42043,1,2,7,0,0,0,0,0,0
57,21593,0,1,7,0,0,0,0,1,0
41,57293,1,0,2,0,0,0,0,0,0
20,17577,1,1,5,0,0,0,1,1,0
39,33592,1,2,7,0,1,1,0,0,1
70,18269,1,0,2,0,0,1,1,1,1
19,63340,1,0,4,0,0,0,0,0,0
41,11432,1,1,7,0,0,0,1,1,0
61,37865,1,1,1,0,0,0,0,0,0
47,18976,1,2,5,0,0,0,1,1,0
55,24688,1,2,1,0,0,0,0,0,0
19,36803,0,1,4,0,0,0,0,0,0
77,48368,1,1,5,0,0,0,0,0,0
38,54350,1,4,1,0,1,0,0,1,0
50,6945,1,3,5,0,0,0,1,1,0
29,34016,1,2,4,0,0,0,0,0,0
75,51892,1,1,6,0,0,0,0,1,0
39,4720,1,0,7,1,1,0,1,1,0
78,34715,1,0,5,1,0,1,0,0,1
61,29968,1,1,7,0,0,0,1,0,0
42,36218,1,2,7,0,0,0,0,0,0
66,18415,1,1,6,0,0,0,0,1,0
44,8465,1,0,4,0,0,0,1,1,0
76,1303,1,3,5,0,0,0,1,1,1
59,44645,0,1,5,0,0,0,0,0,0
45,46560,1,0,6,1,0,0,0,0,0
77,34540,1,0,2,0,0,0,0,0,0
33,21987,1,0,6,0,0,0,0,1,0
32,5654,1,1,6,0,0,0,0,1,0
79,38450,1,2,6,0,1,0,0,0,0
79,13488,1,0,4,0,1,0,1,1,0
64,19330,1,1,3,0,0,0,1,0,0
79,21201,1,2,6,0,1,1,0,1,1
68,27036,1,1,5,0,0,0,0,0,0
61,18614,1,1,1,0,0,0,1,0,0
72,30501,1,0,2,0,0,0,0,0,0
69,20672,1,0,6,0,0,0,0,1,0
74,40520,1,1,6,0,0,0,0,0,0
20,45465,0,0,2,0,0,0,0,0,0
54,31628,1,3,6,1,0,0,0,1,0
68,36939,1,2,5,0,0,0,0,0,0
24,61767,1,2,3,0,1,0,0,0,0
38,12410,1,0,6,0,1,1,1,1,1
26,11497,1,1,2,0,0,0,1,1,1
56,40424,1,3,6,1,0,0,0,1,0
35,59198,0,0,4,0,0,0,0,0,0
21,26092,1,2,5,0,0,0,0,0,0
42,55902,1,1,5,0,0,0,0,0,0
77,31446,1,0,3,0,0,0,0,0,0
31,19786,1,0,4,0,0,0,1,1,0
67,15139,1,0,4,0,0,0,1,0,0
75,39441,0,0,3,0,1,0,0,0,0
26,16275,1,1,7,1,0,0,1,1,0
43,31219,1,2,7,0,0,0,0,0,0
70,53751,1,3,1,0,0,0,0,1,0
19,25398,1,0,7,1,1,0,0,0,0
37,49710,1,4,6,0,0,0,0,1,0
45,11781,1,1,4,0,0,0,1,1,0
64,21991,1,0,1,0,0,0,0,0,0
77,8892,1,1,1,0,0,0,1,0,1
24,31094,1,2,5,0,0,0,0,0,0
61,41701,1,3,6,0,0,0,0,1,0
78,31127,1,1,5,0,0,0,0,0,0
25,48405,1,1,2,0,0,1,0,0,1
64,18762,1,1,7,0,0,0,1,1,0
52,33380,1,1,5,0,0,0,0,0,0
31,22087,1,2,4,0,0,0,0,0,0
34,35425,1,0,4,0,0,0,0,0,0
53,37556,0,3,6,0,0,0,0,1,0
67,38735,0,0,1,0,0,1,0,0,1
57,13941,1,4,4,0,0,0,1,1,0
21,16653,1,1,7,0,0,1,1,1,1
19,19435,1,1,5,0,0,0,1,1,1
79,26416,1,0,7,0,0,0,0,0,0
23,31307,1,2,5,0,0,0,0,0,1
71,40621,0,2,6,0,0,1,1,0,1
59,17278,1,2,7,0,1,0,1,1,0
21,5984,1,1,5,0,0,0,1,1,0
71,62336,1,3,7,1,0,0,0,1,0
46,13028,1,3,3,1,0,0,1,1,0
35,42544,1,2,6,0,0,0,0,0,0
43,30469,1,1,6,0,0,0,0,0,0
61,33769,1,1,4,0,0,0,0,0,0
51,29976,1,1,6,0,0,0,0,0,0
27,24227,1,1,2,0,0,0,0,1,0
79,36959,1,0,4,1,0,0,0,0,0
53,23421,0,3,4,1,0,0,1,1,0
31,47494,1,3,7,1,0,0,0,1,0
48,38526,0,3,3,0,0,0,0,1,0
65,38993,1,0,4,0,0,0,0,0,0
32,22393,1,1,1,0,1,0,0,0,1
25,26454,1,0,5,0,0,0,0,0,0
31,12181,1,0,5,0,0,0,1,1,0
40,24704,0,1,6,0,0,0,0,0,0
77,14451,1,1,7,0,0,0,1,1,0
74,49696,1,1,3,0,0,0,0,0,0
79,30758,1,0,5,0,0,0,1,0,0
57,32557,0,2,1,0,0,0,0,1,0
38,26622,1,1,3,0,0,0,0,0,0
33,32963,0,3,2,0,0,0,0,0,0
62,66973,0,1,5,0,0,0,0,0,1
35,25497,1,2,4,0,0,0,0,0,0
64,20243,1,1,1,0,0,0,0,0,0
70,37945,1,1,7,0,0,0,0,1,0
41,0,0,1,7,0,0,0,0,1,0
43,30959,1,2,1,0,0,0,0,0,0
42,24424,1,1,5,0,0,0,0,0,0
77,15115,1,1,6,1,0,0,1,1,0
77,37616,1,2,2,0,0,0,0,0,0
77,30809,1,2,4,0,0,0,1,0,0
62,2963,1,0,2,0,0,0,1,1,0
58,20302,1,2,2,0,0,0,0,1,0
46,0,1,0,5,0,0,0,1,1,0
32,34399,1,0,4,1,0,0,0,0,1
62,34249,1,1,5,0,0,0,0,0,0
18,18100,1,2,5,1,0,0,1,1,0
42,38101,1,1,6,0,1,0,1,0,0
24,10762,0,1,1,0,0,0,0,0,1
26,15502,1,2,7,0,1,0,1,1,0
41,36257,1,0,6,0,0,0,0,0,0
18,19669,1,1,7,0,1,0,1,1,0
61,29060,1,2,6,0,0,0,0,1,0
25,21545,1,3,5,0,1,0,0,1,0
41,23836,1,0,6,0,0,0,0,0,0
28,24491,1,0,7,0,0,0,0,1,0
68,19398,1,1,6,0,0,0,1,1,0
34,34536,1,1,3,0,1,1,0,0,1
25,20581,0,1,4,0,0,0,0,1,0
52,30235,1,0,1,0,0,0,0,1,0
52,19069,0,1,7,1,0,1,1,1,1
50,6985,1,1,4,0,0,0,1,1,0
76,43686,1,1,1,0,0,0,0,0,1
22,37492,1,0,3,0,0,0,0,0,0
59,64330,1,0,5,1,1,0,0,0,0
56,14340,1,2,7,0,1,0,1,0,0
75,26865,1,0,1,0,0,0,0,0,0
58,28072,1,1,1,0,0,1,0,0,1
45,44840,1,2,1,0,0,0,0,0,0
24,22393,1,0,3,0,0,0,0,0,0
26,12434,1,2,4,0,0,0,1,1,0
25,48117,1,1,3,0,0,0,0,0,0
29,25250,1,0,1,0,0,0,0,0,0
51,43179,1,1,6,0,1,0,0,0,0
50,41432,1,2,1,1,1,0,0,0,0
65,29551,1,0,6,0,0,0,0,0,0
72,27385,0,1,5,0,1,0,0,0,0
40,24126,1,1,3,0,0,0,0,0,0
79,29772,1,1,6,0,0,0,1,0,0
41,42946,1,0,3,0,0,0,0,0,0
54,18053,1,0,2,1,0,0,1,1,1
52,31632,1,0,4,0,0,0,1,0,0
61,13220,1,1,2,0,0,0,1,1,0
57,15088,1,0,6,0,0,0,1,1,0
39,29535,1,0,2,0,0,0,0,1,0
44,597,1,3,7,0,0,0,1,1,0
52,60908,1,1,4,0,0,0,0,0,0
18,12104,0,2,6,0,0,0,0,1,0
52,29398,1,0,5,0,0,0,0,0,0
54,47523,1,0,5,0,0,0,0,0,0
64,17056,1,2,4,0,0,1,1,1,1
31,0,0,0,4,0,1,0,0,1,0
20,23325,1,2,6,1,0,1,1,0,1
18,16877,1,1,3,0,0,0,1,1,1
22,0,1,3,7,0,0,0,1,1,0
43,34273,1,2,6,1,0,0,0,0,0
72,33106,0,1,3,0,0,0,0,0,0
31,47134,1,2,3,0,0,0,0,0,0
56,13187,1,1,3,0,0,0,1,1,0
44,6012,1,1,6,0,0,0,1,1,0
26,23899,0,0,1,0,0,0,0,0,0
32,28674,1,1,1,0,1,0,0,0,0
32,43820,1,1,5,1,0,0,0,0,0
43,51158,1,2,1,0,1,0,0,0,0
59,48217,0,0,1,0,0,0,0,0,0
77,34148,1,2,3,0,0,0,0,0,0
30,41992,1,1,3,0,0,0,0,0,0
68,20392,1,1,4,1,0,0,1,1,0
49,32525,1,0,3,1,0,0,0,0,0
56,12130,1,0,6,0,0,0,1,0,0
66,30940,1,0,4,1,0,0,0,0,0
69,31329,0,0,7,0,0,0,0,0,0
78,55831,1,1,4,0,0,0,0,0,0
49,26565,0,0,1,0,0,0,0,0,0
21,31350,1,0,3,0,1,0,0,0,0
47,33554,1,2,1,1,1,0,0,0,0
54,23177,1,1,3,0,0,0,0,1,0
40,17962,0,1,1,0,0,0,0,0,0
56,49482,1,3,7,0,0,0,0,1,0
62,15286,1,2,1,0,0,0,1,0,1
32,10081,0,1,1,0,1,0,1,0,1
60,40203,0,0,6,0,0,0,0,0,0
46,47367,0,0,7,0,0,0,0,0,0
53,23228,1,1,5,0,0,0,0,0,0
30,23459,1,1,7,0,0,0,0,0,0
49,34238,1,1,1,0,1,0,0,0,0
24,19382,0,1,2,0,0,0,0,1,1
76,18274,1,0,2,0,0,0,1,0,0
68,43193,1,1,2,0,0,1,0,0,1
39,39106,1,2,6,0,0,0,0,0,0
45,49667,1,2,4,0,0,0,0,0,0
19,11211,0,2,1,0,1,0,0,0,1
59,22463,0,0,7,0,0,0,1,0,0
62,34217,0,2,2,0,0,0,0,0,0
79,16115,1,0,6,0,0,0,1,1,0
74,39625,0,1,4,0,0,0,0,0,0
70,48369,1,2,2,0,1,0,0,0,0
23,21249,1,3,3,0,0,0,0,1,0
45,30578,1,2,5,0,0,0,0,0,0
45,51834,1,0,1,0,0,0,0,0,0
61,56989,1,0,5,0,0,0,0,0,1
61,41187,1,2,5,0,0,0,0,0,0
37,38901,0,2,3,0,1,0,0,0,0
47,17193,1,1,3,1,1,1,0,1,1
79,35388,1,1,3,0,0,0,0,0,0
28,38352,1,1,4,0,0,0,0,0,0
75,26844,1,0,2,0,1,0,0,0,0
72,21078,1,1,7,0,0,0,0,1,0
45,10780,1,1,1,0,0,0,1,0,0
42,3934,1,1,3,0,0,0,1,1,0
56,781,1,1,6,0,0,0,1,1,0
79,38691,0,3,1,0,0,0,0,1,0
50,32215,1,1,7,0,0,0,0,0,0
18,22742,1,1,1,1,0,0,1,0,1
74,25028,1,2,1,0,0,0,0,0,0
44,33157,1,1,3,0,0,0,0,0,0
79,27531,1,3,3,1,0,0,0,1,0
74,9891,0,0,2,0,0,0,0,1,0
69,43695,1,2,7,1,0,0,0,0,0
30,34561,1,2,3,0,0,0,0,0,0
58,33988,1,0,3,0,0,0,0,0,0
20,42563,0,0,1,0,1,0,0,0,0
56,17795,1,2,2,0,0,0,1,1,0
23,48205,1,3,5,0,0,0,0,1,0
25,27899,1,1,3,0,1,0,0,0,0
44,43328,1,2,6,0,0,0,0,0,0
26,41016,0,1,3,0,1,0,0,0,0
79,14417,1,1,5,0,0,0,0,1,0
54,37543,1,1,1,0,0,0,0,0,0
50,34894,1,0,7,0,0,0,0,0,0
68,30454,1,1,2,0,0,0,0,0,0
59,28584,0,0,1,0,0,0,0,0,0
61,28711,1,1,7,0,0,0,0,0,0
41,42190,1,0,4,0,0,0,0,0,0
32,38668,1,1,3,1,0,0,0,0,0
76,30457,1,3,7,0,0,0,0,1,0
71,7620,1,0,6,0,0,0,1,1,0
49,37416,1,0,7,0,0,0,0,0,0
49,40854,0,3,4,0,0,0,0,1,0
41,64506,1,0,3,0,0,0,0,0,0
58,46131,1,1,4,0,0,0,0,0,0
69,1512,1,0,5,0,0,0,1,1,0
66,31176,1,3,3,0,0,1,1,1,1
79,57170,1,2,6,0,1,0,0,0,0
66,39353,1,2,3,0,0,0,0,0,0
75,34929,1,4,4,0,0,0,0,1,0
69,43503,1,0,2,0,0,0,1,0,0
29,20664,1,1,4,0,0,1,0,1,1
79,37171,0,2,3,0,0,0,0,0,0
56,26242,1,1,3,1,1,0,0,1,0
19,29705,0,2,7,0,0,0,0,0,0
20,42426,1,2,2,0,0,0,0,0,1
66,16099,1,0,1,0,1,0,1,0,0
54,49319,1,2,2,0,0,0,0,0,0
66,23657,1,0,1,0,0,0,0,0,0
73,33909,1,2,6,0,0,0,0,0,0
34,8992,0,0,3,0,0,0,0,0,0
76,40797,1,2,7,0,0,0,0,0,0
66,51697,1,1,5,0,0,0,0,0,0
19,22280,1,2,5,0,0,0,0,0,0
19,13346,1,3,4,0,0,0,1,1,0
45,34169,1,1,2,1,1,0,0,1,0
71,51822,1,1,2,0,0,0,1,1,0
40,8252,1,1,5,0,0,0,1,1,0
54,13405,1,1,1,0,0,0,1,0,0
49,23187,0,3,2,0,0,1,0,0,1
50,17694,0,1,1,0,0,1,0,0,1
18,17742,1,0,1,0,0,0,1,0,1
36,0,1,2,1,1,0,0,1,0,1
79,38835,1,2,1,0,0,0,0,0,0
19,35080,0,0,7,0,0,0,0,0,0
70,4517,1,1,4,1,1,0,1,1,0
61,51857,1,0,4,0,0,0,0,0,1
43,55216,1,1,7,1,0,0,0,0,0
49,18736,1,1,5,0,0,0,1,1,0
23,47498,0,1,4,1,0,0,0,0,0
49,21405,1,3,6,0,0,0,0,1,0
72,32716,1,0,7,0,0,0,0,0,0
21,17463,0,1,2,0,0,0,0,1,1
72,63213,0,3,6,0,0,1,0,1,1
28,25559,0,0,7,0,0,1,0,0,1
73,31896,0,1,4,1,1,0,0,0,0
76,19680,1,0,2,0,1,0,1,0,0
34,57919,1,1,2,0,0,0,0,0,0
55,58299,0,1,1,0,0,0,0,0,0
41,54463,0,4,5,0,0,0,0,1,0
22,44346,1,1,1,0,0,0,0,0,1
69,20628,1,0,7,0,0,0,0,0,0
51,42417,1,1,1,1,0,0,0,0,0
23,29894,1,1,6,0,1,0,0,1,0
39,49686,1,1,4,0,0,0,0,0,0
28,46738,1,0,6,0,1,0,0,0,0
65,20261,0,0,4,0,1,0,0,0,0
33,44217,1,0,6,0,0,0,0,0,0
50,40230,1,0,2,0,0,0,0,0,0
26,0,1,1,4,0,0,0,1,1,0
77,42014,1,1,4,0,0,1,0,0,1
76,23523,1,2,6,0,0,0,0,0,0
23,16709,1,1,3,0,0,0,1,1,0
33,17351,1,1,2,0,0,0,1,1,1
46,27971,0,2,7,0,0,0,0,0,0
20,37200,0,1,2,0,0,0,0,0,0
37,9518,1,2,7,0,0,0,1,1,0
77,32847,1,0,3,0,0,0,0,0,0
76,38651,1,2,6,0,0,0,0,0,0
53,57927,1,0,6,0,1,0,0,0,1
36,13849,0,2,2,0,0,0,0,1,1
43,24755,0,1,6,0,0,0,0,0,0
20,33924,1,1,5,0,0,0,0,0,0
36,47211,1,3,5,0,0,0,0,1,0
37,25436,1,0,7,1,0,0,0,0,0
49,47979,1,1,3,0,0,0,0,0,0
24,939,1,2,4,0,0,0,1,1,0
69,11199,1,0,5,1,0,0,1,1,0
58,35229,0,0,7,0,1,0,0,0,0
50,8837,1,3,6,0,0,0,1,1,0
57,12382,1,1,3,1,0,0,1,1,0
56,22083,1,0,7,1,0,0,1,0,0
35,41571,1,1,7,0,1,0,0,1,1
57,1560,1,0,5,0,0,0,1,0,0
18,32554,1,2,1,0,1,0,0,0,0
28,45494,0,1,3,1,0,0,0,0,0
45,27075,1,4,2,1,0,0,0,0,0
74,24467,0,1,7,0,0,0,1,0,1
42,36026,1,1,5,0,0,1,0,0,1
67,27118,0,1,2,0,0,0,1,0,0
40,50857,1,2,3,0,1,0,1,0,0
48,13328,1,1,5,0,0,0,1,1,0
47,29225,1,0,2,0,0,0,0,0,0
59,33085,1,2,4,0,0,0,0,0,1
52,24323,0,1,7,0,0,0,0,0,0
24,0,1,0,4,0,0,0,1,1,0
77,27586,1,2,1,0,0,0,0,0,0
33,43502,1,1,6,0,0,0,0,0,0
43,41671,0,1,3,0,0,0,0,0,0
65,35321,1,0,6,0,0,0,0,0,0
74,13532,1,0,6,1,1,0,1,1,0
69,35929,0,1,2,0,0,0,0,0,1
77,21398,1,3,1,0,1,1,1,0,1
66,35302,1,1,3,0,0,0,0,0,0
19,31822,1,1,4,1,0,0,0,0,0
18,15354,1,5,6,0,0,0,1,1,0
65,16613,1,3,2,0,0,0,1,1,0
79,35325,1,3,6,0,1,0,0,1,0
29,26683,1,2,5,0,0,0,0,0,1
22,17395,1,2,4,1,0,0,1,1,0
54,16157,1,1,6,0,0,0,0,0,0
49,25442,1,1,5,0,0,0,0,0,0
76,53521,1,0,5,0,1,0,0,1,0
72,22108,1,3,2,0,0,0,0,1,0
26,29789,1,1,2,0,0,0,0,0,0
58,31524,1,1,5,1,0,0,0,0,0
52,13034,1,1,1,1,1,0,1,0,0
36,3557,0,0,6,0,0,0,0,1,0
65,14600,1,1,5,0,0,0,1,1,0
33,33706,1,0,5,0,0,0,0,0,0
20,31309,0,3,2,0,0,0,0,1,0
37,40536,1,3,6,0,1,0,0,1,0
41,31451,1,3,3,0,1,0,0,1,0
71,28356,1,0,4,0,0,0,1,1,1
73,20939,1,0,2,0,0,0,0,1,0
50,43269,1,0,6,0,0,0,0,0,0
41,16212,0,1,6,0,0,0,0,1,0
69,13344,1,0,7,0,0,0,1,1,0
28,38505,0,0,1,0,0,0,0,0,0
66,10002,0,0,4,1,0,0,1,0,0
25,66221,0,0,2,0,0,0,0,0,0
53,31199,1,2,2,1,0,0,0,0,0
55,35218,1,1,3,0,0,0,0,0,0
57,17873,0,0,7,0,1,0,0,1,0
37,25271,0,3,7,0,0,1,0,0,1
79,23598,1,0,1,1,0,0,1,0,0
52,21872,0,3,7,0,0,1,0,1,1
65,39494,0,3,1,1,0,1,0,1,0
79,23256,0,3,6,0,0,0,0,1,0
42,45262,1,2,6,0,0,0,0,0,0
52,69947,1,2,2,0,0,0,0,0,0
42,25566,1,2,3,0,0,0,0,0,0
46,32284,1,3,2,1,1,0,0,1,0
35,35692,1,1,7,0,0,0,0,0,0
63,57172,1,1,5,0,1,0,0,0,0
35,28760,1,2,6,0,0,0,0,0,0
19,17564,1,0,5,0,0,0,1,1,0
71,11004,1,2,7,0,0,0,1,1,0
52,29130,0,3,3,0,0,0,0,1,0
33,23274,1,1,2,0,0,0,0,0,0
78,60150,1,1,6,0,0,0,0,0,0
58,56547,1,3,3,0,0,0,0,1,0
53,14484,1,0,2,0,0,0,1,1,0
50,19338,1,0,2,0,0,0,1,1,0
21,31106,0,2,5,0,0,0,0,0,0
50,50958,1,3,4,0,0,0,0,1,0
31,30855,1,2,7,0,0,0,0,1,0
38,20291,1,0,1,0,0,0,0,0,1
65,29116,1,1,6,0,0,0,0,0,0
37,20572,1,1,1,0,0,0,0,0,1
73,39037,1,1,3,0,0,0,0,0,0
25,19364,1,1,1,0,0,0,1,1,1
24,22343,0,0,5,0,0,0,0,0,0
20,47429,1,1,4,0,0,0,0,0,0
34,18474,1,1,6,0,0,0,1,1,0
50,8308,1,3,7,1,1,0,1,1,0
65,31424,1,0,2,0,0,0,0,0,0
29,24592,1,0,2,0,0,1,0,0,1
76,37671,1,0,7,0,0,0,0,0,0
68,34762,1,0,5,0,0,0,0,0,0
39,29521,1,1,6,0,0,0,0,0,0
72,29084,1,1,1,0,0,0,0,0,0
39,18962,1,1,7,0,1,0,1,0,1
63,31250,0,0,2,0,0,0,0,0,0
47,43219,1,1,1,1,0,0,0,0,0
55,15398,1,0,5,0,0,0,1,1,0
55,29919,1,2,2,0,1,1,0,0,1
62,45575,0,0,3,0,0,0,0,0,0
68,37581,1,4,4,0,0,0,0,1,0
71,49642,1,0,1,0,0,0,0,0,0
25,21477,1,1,7,0,0,0,0,1,0
44,2538,1,2,6,0,0,0,1,1,0
44,33009,1,4,1,0,1,0,0,1,0
51,35438,1,0,1,0,0,0,0,0,0
38,50526,0,2,1,1,0,0,0,0,0
47,47822,1,1,7,0,1,0,1,0,1
50,38051,1,0,5,0,0,0,0,0,0
45,41480,0,1,5,0,0,0,0,0,0
64,27122,1,1,6,0,0,0,0,0,0
50,11713,1,1,5,1,0,0,1,1,0
22,31765,1,1,7,0,0,0,0,0,0
77,44738,1,0,6,0,1,0,0,0,0
78,39845,1,1,6,0,0,0,0,1,0
65,42507,0,2,5,0,0,0,0,0,0
36,23583,0,2,2,1,0,0,1,1,0
21,26016,1,0,5,0,0,0,0,0,0
52,37251,1,2,2,0,0,0,0,0,0
66,21802,1,1,3,0,0,0,0,0,0
34,22264,1,2,5,0,0,0,0,0,0
61,34469,1,1,3,0,0,0,0,0,0
45,41413,1,0,5,0,0,0,0,0,0
47,27007,1,2,3,0,0,0,0,0,0
46,12552,1,2,4,0,0,0,1,1,0
63,18962,1,2,3,0,0,0,1,1,0
70,33055,1,5,2,0,0,0,0,1,0
23,32872,1,2,1,0,0,0,0,0,0
52,33618,0,0,6,1,0,0,0,0,0
77,37819,1,2,3,0,0,0,0,0,0
58,30087,1,3,1,0,0,0,0,1,0
54,33975,0,1,7,0,0,1,0,0,1
41,29324,1,0,4,1,0,0,0,0,0
46,47231,0,1,4,0,0,0,0,0,0
66,51485,1,3,7,0,0,0,0,1,0
63,12164,1,0,7,0,0,0,1,1,0
70,26171,1,0,7,0,0,0,0,0,0
48,30490,0,1,2,0,0,0,1,0,0
52,25996,1,0,7,1,0,0,0,0,0
77,56893,1,1,2,0,0,0,0,0,0
50,33359,1,1,3,0,0,0,0,0,0
69,17919,1,0,5,1,0,0,1,1,1
78,38946,0,0,7,0,0,0,0,1,1
38,34064,1,1,7,0,0,0,0,0,0
49,34562,1,3,4,1,0,0,0,0,0
40,57118,1,1,1,0,0,0,0,0,0
50,35261,0,2,5,0,0,0,0,0,0
20,25445,0,1,4,0,1,0,0,0,0
35,670,0,0,3,0,0,0,0,1,0
42,27519,1,0,7,0,1,0,0,0,0
59,49589,1,1,4,0,0,0,0,0,0
48,28632,1,0,2,0,0,0,0,0,0
71,0,1,1,1,0,0,0,1,0,0
75,22524,1,1,1,0,0,0,0,0,0
20,44890,1,0,2,0,0,0,0,1,0
57,38187,1,1,7,0,1,0,0,0,0
63,17401,0,1,7,1,0,0,1,1,0
41,21520,1,1,5,0,0,0,0,1,0
67,23839,1,2,2,0,0,0,0,0,0
49,20059,0,1,7,0,1,0,0,1,0
64,0,1,1,1,0,0,0,1,0,0
39,41453,1,1,7,0,0,0,0,0,0
40,48855,1,2,3,1,0,0,0,0,0
19,7223,1,2,7,0,0,1,1,1,1
44,48657,1,0,5,0,0,0,0,0,0
59,28454,1,3,6,0,0,0,0,1,0
19,48376,1,0,4,0,0,0,0,0,0
43,30569,1,1,6,0,0,0,0,0,0
34,32033,1,0,3,0,0,0,0,0,0
57,35586,1,0,6,0,0,0,0,0,0
50,18149,1,1,7,0,1,0,1,1,0
26,47920,1,0,5,0,1,0,0,0,0
60,13179,1,1,1,0,0,0,1,0,0
71,23968,0,0,1,0,0,0,0,0,0
65,37863,0,0,3,0,0,0,0,0,0
56,22362,0,1,6,0,0,0,0,0,0
46,41662,1,0,5,0,0,0,0,0,0
59,50637,1,2,4,0,0,0,0,0,0
72,45188,1,1,7,0,0,0,0,0,0
43,958,1,1,6,0,0,0,0,1,0
52,31887,1,0,6,0,0,0,0,0,0
67,45430,1,1,4,0,0,0,0,0,0
42,10248,0,2,2,0,0,0,0,1,0
41,40854,1,1,7,1,0,1,0,0,1
30,40011,1,0,3,1,0,0,0,0,0
77,11818,1,2,7,0,0,0,1,1,0
75,42513,1,4,5,0,0,0,0,0,0
24,34090,1,2,3,0,0,0,0,0,0
74,39755,0,0,4,0,0,0,0,0,0
53,15505,0,4,5,0,0,0,1,1,0
62,32252,0,0,1,1,0,0,0,0,0
37,4426,1,0,1,0,0,0,1,0,1
18,0,1,0,7,0,0,0,1,1,0
25,32112,1,3,5,0,0,0,1,1,0
63,46508,0,0,3,0,0,0,0,0,0
33,33794,1,0,3,0,1,0,0,0,0
31,29048,1,0,1,0,0,0,0,0,1
29,27186,1,1,1,0,0,1,0,0,1
68,15861,1,0,4,0,1,0,1,1,0
40,26672,1,1,5,0,0,0,0,0,0
32,36325,1,1,3,0,0,0,0,0,0
45,23471,1,1,4,1,0,0,1,0,0
51,41258,1,1,3,0,0,0,0,0,0
19,32939,1,2,1,0,0,0,0,0,0
49,34754,1,2,5,0,0,0,0,0,0
40,43329,1,0,2,0,0,0,0,0,0
39,22098,1,1,5,0,0,0,0,0,0
68,39890,1,0,6,0,0,0,0,0,0
42,24202,1,1,2,0,0,0,0,0,0
75,35092,1,0,7,0,0,1,0,0,1
79,20313,1,2,7,0,1,0,0,1,0
78,16339,1,2,4,0,0,0,0,1,0
39,31377,1,1,2,1,0,0,0,1,0
75,1721,1,3,2,1,0,0,1,0,0
75,25555,1,2,4,1,0,1,0,0,1
39,5904,1,2,5,0,0,0,1,1,0
66,41688,1,2,4,1,0,0,0,0,0
69,45751,1,1,6,0,0,0,0,0,0
59,17040,1,2,1,0,0,0,1,0,0
23,36424,1,1,7,0,1,0,0,1,0
32,43487,1,1,1,0,0,0,0,0,0
71,43537,1,1,7,0,0,0,0,0,0
60,33216,1,0,2,0,0,0,0,0,0
77,41014,1,0,4,0,0,0,0,0,0
54,20260,1,0,4,0,0,0,0,1,0
50,31246,0,2,4,0,1,0,0,0,0
25,22993,1,3,6,0,0,0,0,1,0
70,18993,1,1,6,0,0,0,1,1,0
77,30540,1,2,5,0,0,0,0,0,0
61,35212,1,1,3,1,1,0,0,0,0
61,47452,1,2,7,0,0,0,0,0,0
22,33977,1,1,3,0,1,0,0,0,0
56,39628,1,3,3,0,1,0,1,1,0
21,39799,1,0,7,0,0,0,0,0,0
23,70313,0,0,5,0,0,0,0,0,0
62,2849,1,0,4,0,0,0,1,1,0
49,19680,0,1,3,1,0,0,1,1,0
69,52110,1,2,4,0,0,0,0,0,0
47,24719,1,0,2,0,0,0,0,0,0
64,43287,1,0,3,0,0,0,0,0,0
52,33450,1,1,2,0,0,0,0,0,0
72,61578,0,0,5,0,0,0,0,0,0
57,13304,1,2,1,0,0,0,1,0,0
69,48327,1,1,6,0,0,0,0,0,0
33,56243,1,2,7,0,0,0,0,0,0
30,14783,1,1,5,0,0,0,1,1,0
67,41743,1,0,5,0,0,0,0,0,0
77,15517,0,1,5,0,0,0,0,1,0
59,30452,1,1,3,0,1,0,0,0,0
47,26151,1,1,2,0,0,0,0,0,0
36,0,1,1,6,0,0,0,1,1,0
34,36363,1,0,3,0,0,1,0,0,1
73,32150,0,3,1,0,0,0,0,1,0
36,52186,1,0,7,0,1,0,0,0,0
45,39167,0,2,7,0,0,0,0,0,0
75,64363,1,1,6,0,0,0,0,0,0
72,31605,1,5,7,0,0,0,0,1,0
43,28417,1,1,7,0,0,0,1,0,0
54,27234,1,1,5,0,0,0,0,0,0
43,23406,1,1,4,0,0,0,0,0,0
70,0,1,2,1,0,0,0,1,0,0
79,26697,1,1,2,0,0,0,0,0,0
40,0,0,1,1,0,0,0,0,0,0
26,36780,1,1,3,0,0,0,0,1,0
29,11399,1,0,7,0,0,0,1,1,0
70,16585,1,1,4,0,0,0,1,1,0
18,19958,1,1,3,0,0,0,1,1,0
75,26925,1,1,6,0,0,0,0,0,1
75,30103,1,1,5,0,1,0,0,0,0
18,46267,1,1,7,0,0,0,0,0,0
64,21337,1,2,5,0,1,0,0,1,0
51,37202,1,0,1,1,0,0,0,0,0
49,70963,1,0,5,0,0,0,0,0,0
79,35660,1,0,5,1,0,0,1,0,0
71,27292,0,0,6,0,0,1,0,0,1
65,18312,1,0,2,0,0,0,1,1,0
42,27085,1,1,2,0,0,0,0,0,0
57,16706,1,1,3,0,0,0,1,1,0
62,34029,1,2,7,0,1,0,0,1,0
70,31553,0,0,3,0,0,0,0,0,0
18,0,1,0,2,0,0,0,1,1,1
33,29721,1,0,1,0,0,0,0,0,0
78,46142,0,1,2,0,0,0,0,0,0
56,24013,0,0,3,0,0,0,0,0,0
22,20206,1,0,4,0,0,0,0,1,0
39,9334,1,2,7,0,0,0,1,1,0
46,2130,0,1,5,0,1,0,0,1,0
72,42470,1,0,6,0,0,0,0,0,0
20,27277,1,1,4,1,0,0,0,0,0
29,41580,1,1,4,0,0,0,0,0,0
43,52969,1,1,5,0,0,0,0,0,0
33,43818,1,1,2,0,1,0,0,0,0
68,21864,1,1,7,0,0,1,0,1,1
54,32173,1,1,1,0,0,0,0,0,0
39,20778,1,0,4,0,0,0,0,0,0
74,19375,1,0,1,0,0,0,1,0,0
46,35142,1,3,6,0,0,0,0,1,0
31,17515,1,2,6,0,0,0,1,1,0
45,0,1,1,6,1,0,0,1,1,0
22,16677,0,3,3,0,0,1,0,1,1
64,25396,1,0,4,0,0,0,0,0,0
66,52820,1,2,6,0,0,0,0,0,0
47,22635,1,0,3,0,0,0,0,0,0
63,37678,1,0,6,0,0,0,0,0,0
79,27475,1,1,2,0,0,0,0,0,0
69,48396,1,1,4,0,0,0,0,0,0
22,47356,1,1,3,1,1,0,0,0,0
29,47642,1,0,6,0,0,0,0,1,0
33,3990,0,1,7,0,0,0,0,1,0
43,33100,0,0,3,0,0,1,0,0,1
43,41384,1,0,6,0,1,0,0,0,0
65,35723,1,0,2,0,0,0,0,0,0
38,39548,1,2,1,0,1,0,0,0,0
56,30875,0,2,6,1,0,0,0,0,0
53,18828,1,2,1,0,0,0,1,0,0
50,4543,0,0,4,0,0,0,0,1,0
79,20316,0,0,2,0,0,0,0,1,0
47,70171,0,0,7,0,0,0,0,0,0
54,22715,1,2,4,0,0,0,0,0,0
40,609,1,3,7,0,0,0,1,1,0
75,40989,1,1,1,0,0,0,0,0,0
27,42831,1,0,2,0,0,0,0,0,0
71,49309,0,0,5,0,1,0,0,0,0
22,37064,1,2,2,0,0,0,0,0,0
53,42684,1,2,2,0,0,0,0,0,0
51,57603,1,0,7,0,0,0,0,0,0
69,18817,0,2,5,0,0,0,0,1,0
48,15842,1,2,3,0,0,0,1,1,0
27,13581,1,0,3,0,0,0,0,0,0
75,26013,1,0,3,0,0,0,0,0,0
36,51501,1,1,1,0,1,0,0,1,0
75,37921,0,2,2,0,0,1,0,0,1
49,37330,1,3,6,0,0,0,0,0,0
18,2710,0,3,5,0,0,0,0,1,0
73,19602,1,1,6,0,1,0,0,1,0
22,2465,1,0,1,0,1,0,1,0,1
62,47568,0,2,5,0,0,0,0,0,0
21,53784,1,2,6,0,0,1,1,0,1
33,41693,1,1,7,0,0,0,0,1,0
41,15198,0,1,1,0,0,0,0,0,0
33,52230,1,3,1,0,0,0,0,1,0
72,26201,1,0,1,0,0,0,0,0,0
19,11783,1,1,5,1,1,0,1,1,1
66,15533,1,0,6,0,0,1,1,1,1
45,23547,1,1,6,0,0,0,0,0,0
49,30743,1,0,4,0,0,0,0,0,0
44,27579,1,1,1,0,0,0,0,0,0
37,8809,1,2,3,0,1,0,1,1,0
41,48199,0,2,2,0,0,0,0,1,1
29,27740,1,0,7,0,0,0,0,0,0
67,19293,1,2,7,0,0,0,1,1,0
52,46654,0,3,4,0,0,0,0,1,0
77,12248,1,0,4,0,0,1,1,1,0
50,5566,1,1,5,0,0,0,1,1,0
50,49087,1,4,4,0,0,0,0,1,0
78,58370,0,1,6,0,0,1,0,0,1
68,23068,0,3,5,0,0,0,0,1,0
60,29310,1,2,5,0,0,0,1,0,0
54,12800,1,2,7,0,0,0,1,1,0
29,30082,0,2,7,0,0,0,0,0,0
20,22864,1,1,3,0,0,0,0,0,0
18,28468,0,0,1,0,0,0,0,0,0
50,36138,1,1,4,0,1,0,0,0,0
57,13527,1,4,1,0,0,0,1,1,0
27,24572,1,1,1,0,0,1,0,1,1
60,2943,1,2,1,0,0,0,1,0,0
61,24675,1,1,5,0,0,0,0,0,0
46,28598,1,2,1,1,0,0,0,0,1
30,33434,1,2,4,0,1,0,0,0,0
29,33593,1,0,5,0,0,0,0,0,0
48,43558,0,1,4,0,0,0,0,0,0
63,6905,1,0,5,0,0,0,1,1,0
19,7705,1,4,2,0,1,0,1,1,1
78,37934,0,0,2,0,0,0,0,0,0
68,0,1,1,2,0,0,0,1,1,0
67,32749,0,1,2,0,0,0,0,0,0
52,12295,1,0,5,0,0,0,0,1,0
40,53592,1,1,1,0,0,0,1,0,0
34,33756,0,0,3,0,0,0,0,0,0
43,26712,1,1,7,0,0,0,0,0,0
25,48415,1,0,6,0,0,0,0,0,0
46,14048,1,1,3,0,0,0,1,1,0
43,16898,1,1,2,1,0,0,1,1,0
27,11078,1,1,1,0,0,1,1,0,1
43,17024,1,1,4,1,0,1,1,1,1
79,30916,1,3,1,0,0,0,0,1,0
51,37409,1,0,4,0,0,0,0,0,0
68,44421,1,1,3,0,0,0,0,0,0
58,2629,1,3,1,0,1,0,1,1,0
24,27422,1,3,1,0,1,0,0,1,0
21,13377,1,0,6,0,0,0,1,1,0
75,26920,1,1,3,0,0,0,0,0,0
70,65012,1,2,1,0,0,0,0,0,0
67,34377,1,1,4,0,1,0,0,0,0
62,43491,1,0,7,0,0,0,0,0,0
28,59410,1,0,1,0,0,0,0,0,0
46,46910,1,1,4,0,0,0,0,0,0
73,23281,1,0,2,0,1,0,0,1,0
53,10862,1,1,1,0,0,0,1,0,0
42,29547,1,1,4,0,0,0,0,0,0
38,21484,0,0,7,0,0,0,0,1,0
78,7132,1,0,3,0,0,0,1,1,0
74,33613,1,1,2,0,0,0,0,0,0
53,33988,1,3,1,0,1,0,0,1,0
27,56536,0,0,6,0,1,0,0,0,0
54,24573,1,4,4,0,0,0,1,1,0
26,34201,1,0,7,0,0,0,0,0,0
41,20017,0,0,6,0,0,0,0,1,0
52,43097,1,0,1,0,0,1,0,0,1
66,28130,1,1,4,0,1,0,0,0,0
52,12411,1,2,1,0,0,0,1,0,0
65,29797,1,2,2,1,0,0,0,0,0
53,35857,1,0,7,0,1,1,0,0,1
35,33829,1,1,7,0,0,0,0,0,0
66,45688,1,0,2,1,0,0,0,0,0
56,8279,1,1,1,0,1,0,1,0,0
49,17358,1,1,1,1,0,0,1,0,0
41,39596,1,2,5,0,0,0,0,0,0
40,19120,1,0,1,0,0,0,1,0,0
79,33607,1,0,7,0,0,0,0,0,0
49,0,1,1,1,0,0,1,1,0,1
54,70739,0,2,6,0,0,0,0,0,0
29,25954,1,2,6,0,0,0,0,1,0
66,47909,1,1,2,0,0,0,0,0,0
72,24946,1,2,6,0,0,0,0,0,0
30,36220,1,1,1,0,0,0,0,0,0
40,52378,1,0,3,0,1,0,0,0,0
42,47487,1,2,1,1,0,0,0,0,0
52,26933,0,1,7,0,0,0,0,0,0
58,27971,1,3,5,0,0,0,0,1,0
47,45053,0,1,4,0,0,0,0,0,0
34,64998,1,1,7,0,0,1,0,0,1
66,32884,1,2,2,0,0,0,0,0,0
79,59355,1,0,6,0,0,1,0,0,1
37,26378,1,0,3,0,0,0,1,0,0
65,44279,1,2,7,0,1,0,0,0,0
42,46517,0,2,4,0,0,1,0,1,1
39,23850,0,3,3,0,1,0,0,1,0
30,18793,1,0,2,0,0,0,1,1,1
76,47180,0,1,6,0,0,0,0,0,0
36,22026,0,0,5,0,0,0,0,0,1
66,16584,1,1,7,0,0,0,1,1,0
53,19740,1,1,7,0,1,0,1,1,0
29,21965,1,4,7,0,0,0,0,1,0
78,42849,1,2,2,1,0,0,0,0,0
58,37725,1,0,3,0,0,0,0,0,0
36,40734,1,0,3,0,0,0,0,0,0
29,36320,1,0,2,0,0,0,0,0,0
26,21092,1,0,7,1,0,0,1,1,0
24,40456,1,0,1,0,0,0,0,0,0
45,47736,1,0,2,0,0,0,0,0,0
31,38767,1,0,6,0,1,0,0,0,0
48,36744,0,1,6,0,0,0,0,0,0
69,18494,0,1,5,0,0,0,0,1,0
36,33177,0,4,2,0,0,0,0,1,0
75,17696,1,4,4,0,1,0,1,1,0
64,29639,1,1,6,0,0,0,0,0,0
33,5396,1,1,6,0,0,0,1,1,0
70,5511,1,1,6,0,0,0,1,1,0
22,27134,1,0,1,0,0,0,0,0,0
52,21773,0,2,4,0,0,0,0,1,0
29,31601,1,0,7,0,0,0,0,0,0
42,27978,1,0,7,0,0,0,0,0,0
69,30452,1,3,2,0,0,0,0,1,0
76,39129,1,2,1,1,0,0,0,0,0
38,23050,0,1,6,0,0,0,0,0,0
53,26708,0,2,7,0,1,1,0,0,1
70,51825,0,0,4,0,1,0,0,0,0
40,30046,1,0,7,0,0,0,0,0,0
33,27311,1,1,4,1,0,0,0,0,0
74,31237,1,0,1,0,0,0,0,1,0
56,27579,1,3,7,0,0,0,0,1,0
62,19356,1,4,6,1,0,0,1,1,0
70,15029,1,1,1,0,1,0,1,0,0
59,18548,0,0,3,0,0,0,0,1,0
75,43093,1,1,6,0,0,0,0,0,0
56,20551,1,3,1,0,0,0,0,1,0
31,27676,0,1,2,1,0,0,0,0,0
48,40511,1,2,7,0,0,0,0,0,0
75,25824,1,1,6,1,1,0,0,0,0
22,39500,1,0,5,1,0,0,0,0,0
52,6888,1,0,6,0,0,0,1,1,1
40,28012,1,2,3,0,0,0,0,0,0
46,31183,1,1,1,0,0,0,0,0,0
60,30347,0,1,5,0,0,0,0,0,0
28,5206,0,0,3,0,0,0,1,1,0
35,48046,0,3,2,0,0,0,0,0,0
64,17179,0,1,6,0,0,0,0,1,0
29,35025,1,0,7,1,0,0,0,0,0
26,30119,1,1,5,0,0,1,0,0,1
27,45055,0,0,7,0,0,0,0,0,0
75,62812,1,0,1,1,0,1,1,0,1
61,10644,0,0,1,0,0,0,0,0,1
34,20266,1,2,2,0,0,0,0,1,0
78,32836,1,0,3,0,0,0,0,0,0
55,13419,1,0,5,0,0,0,1,1,0
24,41732,1,1,2,0,0,0,0,0,0
63,42650,1,1,3,0,0,0,0,0,0
30,38391,1,0,4,0,1,0,0,1,0
57,33548,1,2,4,1,1,0,1,0,0
59,50545,0,3,3,0,1,1,0,1,1
26,12665,0,2,1,0,0,0,0,0,1
67,30979,0,1,1,0,0,1,0,0,0
44,18917,1,0,4,0,0,0,1,1,0
75,43348,0,0,1,0,0,0,0,0,0
19,2499,1,0,7,1,0,0,1,1,0
22,29578,1,2,1,0,0,0,0,0,1
46,35028,1,0,3,0,0,0,0,0,0
54,15787,1,2,6,0,0,0,1,0,0
55,20607,0,3,3,0,0,0,0,0,0
36,30230,0,2,1,0,0,0,0,0,0
25,44326,1,0,3,0,0,0,0,0,0
65,14506,1,0,5,0,0,0,1,0,0
62,17123,1,0,4,0,1,0,1,1,0
18,46883,0,2,6,0,0,0,0,0,0
39,25905,1,0,5,0,0,0,0,0,0
69,18336,0,3,5,0,1,0,1,1,0
34,40930,1,1,1,1,0,0,0,0,0
24,22677,1,1,1,0,0,0,0,0,1
42,45411,1,1,5,0,0,0,0,0,0
62,20044,0,1,5,0,0,0,0,1,0
21,27606,0,1,2,0,0,0,0,0,0
53,44174,1,1,2,0,0,0,0,0,0
23,26606,1,0,7,0,0,0,0,0,0
77,41340,1,0,4,0,0,0,0,0,0
48,29016,1,2,5,0,0,0,0,0,0
36,59725,1,2,3,1,0,0,1,0,0
78,53531,0,1,6,0,0,0,0,0,0
61,10078,1,2,2,0,0,0,1,0,0
71,37833,1,1,1,0,0,0,0,0,0
56,17753,1,0,5,1,0,0,1,1,0
44,32872,0,1,3,0,1,0,0,0,1
27,31025,1,0,6,0,0,1,0,0,1
43,14169,1,1,3,0,0,0,1,1,0
36,45877,1,3,7,0,0,0,0,1,0
56,33049,1,0,3,0,0,0,0,0,0
79,25729,0,1,1,0,0,0,0,0,0
20,23428,1,1,2,0,0,0,0,0,0
62,32096,1,0,3,1,0,0,0,0,0
30,36118,1,0,6,1,1,0,0,0,0
67,28125,1,1,2,0,0,0,1,0,0
45,0,0,0,7,1,0,1,1,1,1
79,30253,1,2,7,0,0,0,0,0,0
75,8377,0,0,4,0,0,1,0,1,1
37,26858,1,3,1,0,1,0,0,1,0
45,8931,1,1,2,0,0,0,1,1,0
25,8752,1,0,7,0,0,0,1,1,0
78,48526,1,3,7,0,0,0,0,1,0
58,25198,0,0,2,1,0,0,0,0,0
56,24050,1,3,3,0,0,0,0,1,0
18,37237,1,0,6,0,0,1,0,0,1
20,24441,0,1,3,1,0,0,1,0,1
30,61557,1,3,6,0,0,0,0,1,0
45,25904,1,1,7,0,0,0,0,0,0
79,35476,0,1,7,0,0,0,0,0,0
74,44564,1,1,1,0,0,1,0,0,1
77,54033,0,1,2,0,0,0,0,0,0
66,18869,1,0,5,0,0,0,1,1,0
42,23730,0,1,7,0,0,0,0,0,0
73,49118,1,2,6,0,0,0,0,1,0
50,42150,1,1,6,0,0,0,0,0,0
55,46127,1,0,3,0,1,0,0,0,0
70,9469,1,2,3,0,0,0,1,1,0
23,53219,1,1,7,0,0,0,0,0,0
75,18578,1,1,7,1,0,0,1,1,0
61,32884,0,3,4,0,0,0,0,1,0
62,27776,1,1,6,0,1,0,1,0,0
49,16822,1,1,1,1,1,0,1,0,0
62,8811,1,1,2,0,0,0,1,1,0
78,3842,1,1,2,0,0,0,1,1,0
64,31785,1,1,2,0,0,0,0,0,0
38,7120,1,2,6,0,0,1,1,1,1
33,12992,1,1,3,0,0,0,1,1,0
71,26729,0,1,1,0,0,0,0,0,0
38,0,1,2,2,0,0,0,1,0,1
28,41684,1,0,6,0,1,0,0,1,1
77,0,1,0,5,1,1,0,1,1,0
54,28839,1,1,7,1,1,0,0,0,0
53,30225,0,1,4,0,0,0,0,0,0
52,38070,1,1,4,0,0,0,0,0,0
36,29374,1,1,2,0,0,1,0,0,1
37,60268,0,3,3,0,0,0,0,1,0
74,33244,1,0,4,1,0,0,0,0,0
35,45804,0,3,4,1,0,0,0,1,0
64,19148,1,1,4,1,0,0,1,1,0
58,31811,0,2,4,0,0,0,0,0,0
66,53213,1,1,2,0,0,1,0,0,1
31,26434,1,1,6,1,0,0,0,0,0
32,32883,1,1,1,0,0,0,0,0,0
48,44712,1,2,1,0,0,0,1,0,0
18,18866,1,0,3,0,0,0,1,1,0
70,0,1,1,6,0,1,0,1,1,0
71,33833,0,1,7,1,0,1,0,0,0
71,44830,1,1,5,0,0,0,0,0,0
20,9728,0,0,1,0,0,0,0,0,1
33,40053,1,0,5,0,0,0,0,0,0
40,40154,1,1,1,0,0,1,0,0,1
74,0,1,3,1,0,1,1,1,1,1
28,15955,1,0,3,0,1,0,1,0,0
29,24062,0,1,4,0,0,0,0,0,0
27,27305,1,1,3,0,0,0,0,0,0
49,18852,1,1,1,0,0,0,1,0,0
33,18044,1,1,6,0,0,0,1,1,0
25,55072,1,1,4,1,0,0,0,0,0
55,28386,0,2,6,0,0,0,0,0,0
29,19574,1,2,6,0,0,0,1,1,0
41,29382,1,1,6,0,0,0,0,0,0
45,38056,1,1,4,0,0,0,0,0,0
70,30774,1,2,6,1,0,0,0,0,0
25,26914,1,1,4,0,0,1,0,0,1
75,20249,1,0,5,0,0,0,0,1,0
45,20068,0,5,7,0,0,0,0,1,0
53,21032,1,2,1,0,0,0,0,0,0
43,35082,1,2,2,0,0,0,0,0,1
25,15087,1,2,6,0,0,0,1,1,0
75,35899,1,2,3,0,0,1,0,0,1
77,51194,1,3,5,1,0,0,0,1,0
67,34885,1,1,3,0,0,0,0,0,0
45,24456,1,2,2,0,0,0,0,0,0
45,10528,1,0,4,1,0,0,1,1,0
54,53671,1,5,2,1,0,0,0,1,0
58,12449,1,1,3,0,0,1,1,1,1
53,42728,0,2,2,0,0,0,0,0,0
44,39577,1,1,1,0,1,1,0,0,1
71,26448,1,0,2,0,0,0,0,0,0
34,26055,1,0,6,0,0,0,0,0,0
26,2464,1,0,1,0,0,0,1,0,1
50,34950,1,0,6,0,0,0,0,0,0
70,39298,1,1,7,0,0,0,0,1,0
37,13663,0,0,7,0,0,0,0,0,0
30,27662,1,2,2,0,0,1,0,0,1
45,30567,1,2,1,0,0,0,0,0,0
65,38768,1,0,1,0,0,0,0,0,0
46,30057,1,3,7,0,0,0,0,1,0
30,5605,1,1,2,0,1,0,1,1,1
63,22050,1,0,5,0,0,0,0,1,0
52,33369,1,1,4,0,0,1,0,0,1
78,42622,1,1,4,0,1,0,0,0,0
23,20735,1,1,4,0,0,0,0,1,0
35,62814,1,1,1,0,0,0,0,0,0
68,1582,1,1,7,0,1,0,1,1,0
22,21544,1,0,4,0,0,0,0,1,0
64,28754,1,2,7,0,0,0,0,0,0
42,26988,1,1,1,0,0,0,0,0,0
19,11517,1,1,7,0,0,0,1,1,0
27,36717,1,1,5,0,0,0,0,0,0
73,35566,1,3,2,0,0,0,0,1,0
47,30719,1,1,7,0,1,0,0,0,0
67,34977,1,3,7,0,1,0,0,1,0
76,23643,1,4,2,0,1,0,0,1,0
62,5739,1,0,1,0,0,0,1,0,0
22,19250,0,1,1,0,1,0,0,1,1
72,32355,1,1,7,0,0,0,0,0,0
73,32441,1,3,5,0,0,0,0,1,0
50,30620,1,1,4,0,0,0,0,0,0
71,38230,1,1,5,0,0,1,0,0,1
18,21282,0,1,2,0,0,0,0,1,1
35,30400,0,2,2,0,0,0,0,0,0
49,38581,1,2,6,0,0,0,0,0,0
64,28726,1,0,4,0,0,0,0,0,1
66,11350,1,1,7,0,0,0,1,1,0
28,15577,0,0,2,0,1,0,0,1,1
38,42462,0,2,6,0,0,0,0,0,1
43,50887,1,0,1,0,0,0,0,0,0
42,47629,1,1,2,0,0,0,0,0,0
39,33482,1,2,3,0,0,0,0,0,0
76,11953,1,0,4,0,1,0,1,1,0
44,29904,1,0,6,1,0,0,0,0,0
66,53433,0,0,4,0,0,0,0,0,0
30,39277,0,0,4,0,0,0,0,0,0
50,26887,1,1,3,0,1,0,0,0,0
51,39429,1,2,5,1,0,0,0,0,0
58,10959,1,0,1,1,0,0,1,0,0
52,19564,1,0,4,0,0,0,1,1,0
18,13737,1,0,2,0,0,0,1,1,1
38,37043,1,1,1,0,1,0,0,0,0
65,40711,1,2,2,0,1,1,0,0,1
72,27692,0,2,1,0,1,0,0,0,0
23,16906,1,0,7,0,1,0,1,1,0
45,29703,1,1,1,0,0,0,0,0,0
34,22701,1,1,6,0,0,0,0,0,0
22,18057,1,2,2,0,0,0,1,1,1
48,35084,0,2,2,0,0,0,0,0,0
22,18630,1,2,7,0,0,1,1,1,1
55,6504,0,2,1,0,0,0,0,0,0
20,9838,1,0,4,0,1,1,1,1,1
70,5951,1,1,2,0,0,0,1,1,0
40,33712,1,3,7,0,1,0,0,1,0
54,32256,1,1,3,0,0,0,0,0,0
70,31507,1,1,3,0,0,0,0,0,0
54,38815,1,1,1,0,0,0,0,0,0
27,47879,1,0,5,0,0,0,0,0,0
27,21116,0,4,1,0,0,0,0,1,1
36,36097,1,2,7,1,0,1,0,0,1
34,6305,1,0,1,0,0,0,1,0,1
38,50680,1,1,4,0,0,0,0,0,1
31,11327,1,2,4,0,0,0,1,0,0
26,19348,1,1,6,0,0,0,1,1,0
63,21034,1,1,7,1,0,0,1,1,0
18,7105,0,1,5,0,0,0,0,0,0
68,30488,1,1,7,0,0,0,0,0,0
62,33208,1,0,7,0,0,0,0,0,0
30,27158,1,0,5,0,0,0,0,0,0
21,6896,1,2,7,0,0,0,1,1,0
79,59750,1,3,5,0,0,0,0,1,0
18,38238,1,0,5,0,0,0,0,0,0
66,69513,1,2,5,1,0,0,0,0,0
57,17923,0,2,7,0,0,0,0,1,0
49,44368,1,3,7,1,0,0,0,1,0
51,41689,1,1,1,0,0,0,0,0,0
45,25641,1,1,7,0,0,0,0,0,0
48,51165,1,2,1,1,0,0,0,0,0
25,23918,1,2,6,1,0,1,1,0,1
56,24586,1,0,3,0,1,0,0,0,0
43,0,0,3,3,0,0,0,0,1,0
75,36135,1,0,6,0,1,0,0,0,0
51,10117,1,1,6,0,0,0,1,1,0
71,21739,1,0,2,0,0,0,0,1,0
71,14606,1,2,1,0,0,0,1,1,0
20,24506,1,0,5,0,0,0,0,1,0
76,36658,1,4,2,0,0,0,0,1,0
67,30167,1,1,4,0,0,0,0,0,0
29,40644,0,1,1,0,0,1,0,0,1
18,48984,1,3,7,0,0,0,1,1,0
71,24468,1,0,6,0,0,0,0,0,0
61,22821,1,1,3,0,0,0,0,0,0
22,44365,1,4,1,0,0,0,0,1,0
47,45555,1,1,6,0,0,0,0,0,1
47,41108,1,1,1,0,0,0,0,0,0
76,15717,1,1,7,0,0,1,1,1,1
74,36339,1,1,1,0,0,1,0,0,1
34,31642,1,3,7,0,0,0,0,1,0
65,45787,1,0,1,0,0,0,0,0,0
64,21406,1,2,4,0,0,0,0,1,0
40,5000,1,1,3,1,0,0,1,1,0
32,40353,1,0,1,0,0,0,0,0,0
54,0,0,7,6,0,0,0,0,1,0
38,19027,1,2,4,0,0,0,1,1,0
31,14652,1,1,2,0,0,0,1,1,1
19,14550,1,1,1,0,0,0,1,0,1
28,18764,1,0,7,0,1,0,1,1,0
68,48260,1,2,4,1,0,0,0,0,0
56,42308,0,0,5,0,1,1,0,0,1
55,26224,1,0,2,0,0,0,0,0,0
77,47004,1,0,3,0,0,0,0,0,0
51,14065,1,1,1,0,0,0,1,0,0
55,12025,0,1,1,0,0,0,0,0,0
67,42953,1,0,4,0,1,0,0,0,0
51,38694,1,0,3,0,0,0,0,0,1
35,23096,1,0,5,0,1,0,0,0,0
47,12968,1,3,2,0,0,0,1,1,0
32,51895,1,0,6,0,0,1,1,1,1
44,4198,1,2,3,0,1,0,1,1,0
68,21023,1,2,1,0,0,1,0,0,0
51,33428,0,1,4,1,1,1,0,0,1
69,57032,1,1,5,0,0,0,0,0,0
74,35746,1,1,4,0,0,1,0,0,1
55,37204,0,1,2,0,0,0,0,0,0
50,21459,1,4,7,0,1,0,0,1,0
41,38527,1,1,7,0,0,0,0,0,0
32,31579,1,1,3,0,0,1,0,0,1
77,6173,1,1,4,0,0,0,1,1,0
47,41894,1,2,6,0,0,0,0,0,0
72,44555,1,1,6,0,0,0,0,0,0
59,42050,1,1,7,0,0,1,0,0,1
68,30499,1,3,7,0,0,0,0,1,0
34,15657,1,0,4,0,0,0,1,1,0
22,0,1,0,1,0,0,0,1,0,1
46,32355,1,0,4,0,0,0,1,0,0
21,46229,0,0,5,1,0,0,0,0,0
27,44932,0,1,3,0,0,0,1,0,0
73,42241,1,3,2,0,1,0,0,1,0
34,28886,1,1,6,0,0,0,0,0,0
27,46311,0,0,4,0,0,0,0,0,0
34,43862,1,1,5,1,1,0,0,0,0
77,23660,0,3,7,0,0,0,0,1,0
37,40148,1,0,6,0,0,0,0,0,0
41,21960,1,2,6,0,1,0,0,1,0
22,38100,1,0,2,0,0,0,0,0,0
51,10513,1,0,6,0,1,0,1,1,0
23,11666,0,1,5,0,0,0,0,1,1
70,45873,1,1,6,0,0,0,0,0,0
19,44063,1,3,6,0,0,0,0,1,0
30,39504,1,0,4,0,0,0,0,0,0
79,31319,1,1,4,0,0,0,0,0,0
60,0,1,2,7,0,0,1,1,1,1
60,28876,1,1,3,0,0,0,0,0,0
65,36812,0,1,1,0,0,0,0,0,0
28,21979,1,1,5,0,0,0,0,1,0
68,19312,1,1,1,0,1,0,1,0,0
64,51666,0,0,1,0,0,0,0,0,0
74,29095,1,2,6,0,0,0,0,0,0
40,36821,1,1,7,0,1,0,0,0,0
72,41611,1,1,2,0,0,0,0,0,0
33,14978,1,2,2,0,1,0,0,1,1
48,32898,1,0,6,1,0,0,0,0,0
28,49794,1,0,7,0,0,0,0,0,0
71,57288,0,0,5,0,0,1,0,0,1
33,30599,1,2,1,0,0,0,0,0,0
25,26430,0,4,3,0,1,0,0,1,0
21,34035,1,0,7,0,0,0,0,0,0
57,33654,1,0,1,0,0,0,0,0,0
21,50801,1,0,2,0,0,0,1,0,0
73,15054,1,1,1,0,0,0,1,0,0
42,25801,1,1,4,0,0,0,0,0,0
20,13242,1,1,4,0,0,0,1,1,0
49,14818,1,0,3,0,1,0,1,1,0
20,35648,1,1,5,0,0,0,1,0,0
44,42147,1,1,1,0,0,0,0,0,0
46,20259,0,0,4,0,0,0,0,1,0
49,41581,1,1,5,0,0,0,0,0,1
67,46673,0,0,7,0,0,1,0,0,1
78,59020,1,2,7,0,0,0,0,0,0
75,31046,1,0,4,0,0,0,1,0,0
68,20403,1,1,5,0,0,0,0,1,0
36,14962,0,2,5,0,1,0,0,1,0
38,13473,0,0,4,0,0,0,0,1,0
22,48746,1,4,6,0,0,0,0,0,0
35,7273,1,0,2,0,0,0,1,1,1
45,48266,1,1,5,0,0,0,0,0,0
59,16973,1,0,7,0,0,0,1,1,0
78,19721,1,1,6,0,0,0,1,1,0
39,27726,1,2,1,0,0,0,0,0,0
38,19445,1,3,6,1,0,0,1,1,0
23,43979,1,0,4,0,1,0,0,0,0
18,57200,1,1,6,0,0,0,0,0,0
22,20138,1,2,2,0,0,0,0,1,1
58,23516,0,2,4,0,0,0,0,0,0
29,27550,1,3,3,0,1,0,0,1,0
43,38115,0,0,1,0,1,0,0,0,0
63,27697,1,4,7,0,0,0,0,1,0
51,50808,1,1,3,0,0,0,0,0,1
66,47199,1,2,6,0,0,0,1,0,0
31,12218,0,2,5,0,0,0,0,1,0
43,37814,1,3,6,0,0,1,0,1,1
62,52805,0,0,7,0,0,0,0,0,0
44,22578,0,1,7,0,0,0,0,0,0
26,25586,1,1,5,0,0,0,0,0,0
43,22079,1,2,3,0,1,0,0,0,0
74,22393,1,0,3,1,0,0,1,0,0
64,4973,1,2,5,0,0,0,1,0,0
74,10075,1,1,2,0,0,0,1,1,0
39,31162,0,1,1,0,0,0,0,0,0
64,52703,1,0,4,1,0,0,0,0,0
73,20799,1,2,3,0,0,0,0,1,0
47,20358,1,1,1,0,1,0,0,0,0
60,55522,1,2,4,0,0,0,0,0,0
65,13376,1,0,6,0,0,0,1,0,0
78,5081,1,1,4,0,0,0,1,1,0
34,17572,1,1,3,1,0,0,1,1,0
43,20058,1,1,2,1,1,0,1,1,0
53,3788,0,1,2,0,0,0,0,1,0
18,28079,1,0,1,0,0,0,0,0,0
25,44226,1,0,6,1,0,0,0,0,0
66,10710,1,0,1,0,0,0,1,0,0
52,31313,0,1,5,0,1,0,0,0,0
78,35939,0,3,2,0,0,0,0,1,0
69,28749,1,1,1,0,0,0,0,0,0
32,32785,0,2,5,0,0,0,0,0,0
64,32959,1,0,6,0,0,0,0,0,0
73,17809,1,1,7,0,0,0,1,1,0
39,52478,1,2,4,0,0,0,0,0,0
31,48716,1,0,1,0,0,0,0,0,0
43,47848,1,2,5,0,0,0,1,0,0
45,45205,1,2,2,0,0,1,0,0,1
40,6375,0,0,4,0,0,0,0,1,0
31,43890,0,1,1,0,0,0,0,0,0
41,39834,1,2,2,0,0,0,0,0,0
19,6952,1,2,7,0,0,0,1,1,0
62,26776,1,0,4,0,1,0,0,0,0
43,34151,1,2,3,0,0,0,0,1,0
31,54964,1,1,2,0,1,0,0,0,0
76,40870,0,0,3,0,0,0,0,0,0
73,17031,1,0,6,0,0,0,1,1,0
68,55430,1,2,1,0,0,0,0,0,0
24,30656,1,1,7,0,1,0,1,0,0
20,26162,1,1,5,0,0,0,0,0,0
64,25093,0,1,1,0,0,0,0,0,0
40,5646,1,1,2,0,1,1,1,1,1
63,28353,1,1,3,0,1,0,1,0,0
60,37462,0,0,3,0,0,0,0,0,0
64,24219,1,3,4,0,1,0,0,1,0
77,36306,1,2,1,0,0,0,0,0,0
62,17034,1,1,1,0,0,0,1,0,0
35,27886,1,2,2,0,0,0,0,0,0
75,34748,0,0,3,0,0,0,0,0,0
55,32844,1,2,2,0,0,0,0,0,0
52,5918,1,2,2,0,0,0,1,1,0
68,23414,1,2,6,0,0,0,0,0,0
32,55161,0,3,3,0,0,0,0,1,0
42,22613,1,3,2,0,1,0,0,1,0
72,30237,1,0,3,1,0,0,0,0,0
54,28698,1,0,2,0,1,0,0,0,0
45,53523,1,0,5,1,1,0,0,0,0
27,49355,0,0,2,0,1,0,0,0,0
56,42112,1,3,2,0,0,0,0,1,0
74,15401,0,3,7,0,0,0,0,1,1
34,35387,1,2,5,0,0,0,0,0,0
56,38519,1,1,1,0,0,0,0,0,0
39,19520,1,0,3,0,0,0,1,0,0
43,16942,1,1,7,1,0,0,1,1,0
79,55575,1,0,4,0,0,0,0,0,0
61,25487,1,4,5,0,1,1,0,1,1
42,54224,0,3,7,0,1,0,0,1,0
34,44956,0,4,1,1,0,1,0,1,1
30,36118,1,2,2,0,0,0,0,0,0
37,36787,0,2,6,0,0,1,1,0,1
42,8993,1,1,1,0,1,0,1,0,0
21,33101,1,2,5,0,0,0,0,0,0
27,51255,1,0,6,1,0,0,0,0,0
20,40220,1,0,2,0,0,0,0,0,0
58,32315,1,2,1,0,0,0,0,0,0
62,55679,1,2,4,0,1,0,0,0,0
35,27224,1,3,3,0,0,0,1,1,0
64,20706,1,2,3,0,0,0,0,1,0
53,32307,0,1,5,0,1,0,0,0,0
64,41497,1,1,7,0,1,0,0,0,0
39,4233,1,0,2,0,1,0,1,1,1
51,34273,1,0,2,0,0,0,0,0,0
64,42155,0,0,3,0,0,0,0,0,0
25,25955,0,3,1,1,0,0,1,1,0
57,46604,1,2,2,1,0,0,0,0,0
66,39617,1,2,4,0,0,0,0,0,0
61,62120,1,2,4,0,0,0,0,0,0
36,18740,1,0,2,0,0,0,1,1,1
59,42460,1,0,2,0,1,0,1,0,0
58,14740,1,1,3,0,0,0,1,1,0
54,5769,1,1,5,0,1,0,1,1,0
23,0,0,2,3,0,0,0,0,1,1
69,38074,1,0,5,0,0,0,0,0,0
43,32763,1,1,4,0,0,0,0,0,0
51,22814,1,0,5,0,0,0,0,0,1
76,3397,1,0,3,0,0,0,1,1,0
73,19644,1,2,2,0,1,0,1,1,0
76,30061,1,1,5,0,0,0,0,0,0
62,41897,1,1,3,0,1,0,0,0,0
23,29751,1,2,4,0,0,0,0,0,0
54,33780,0,3,6,0,1,0,0,1,0
74,24358,0,1,5,0,0,0,0,0,0
50,56238,1,1,4,0,0,0,0,0,0
70,14726,1,3,4,0,0,0,1,1,0
39,19511,1,2,1,1,0,0,1,0,1
38,22614,1,1,6,0,1,0,0,0,0
23,38140,1,2,5,0,0,0,0,0,0
23,14417,1,2,3,0,0,0,1,1,0
72,32035,0,0,5,0,0,0,0,0,0
65,32473,0,1,5,0,0,0,1,0,0
21,19584,1,4,6,0,0,0,1,1,1
47,34949,0,1,7,0,0,1,0,0,1
28,14882,1,1,4,0,0,0,1,1,0
79,13243,1,0,4,0,0,1,1,1,1
79,31494,1,2,4,1,0,0,0,0,0
47,5103,0,2,4,0,0,0,0,1,0
48,0,1,0,6,0,1,0,1,1,0
41,37992,1,1,3,1,1,0,0,0,0
72,45734,1,1,2,0,0,0,0,0,0
26,22997,1,1,1,0,0,0,0,0,1
72,19978,0,4,7,0,0,0,0,1,0
20,45083,1,1,7,0,0,0,1,0,0
68,12816,1,2,4,0,0,1,1,1,1
48,9549,1,2,4,0,1,0,1,1,0
57,40614,1,1,1,0,0,0,0,0,0
54,30135,1,2,4,1,0,0,0,0,0
53,45973,0,1,2,0,0,0,0,0,0
41,0,1,2,7,0,0,0,0,1,0
48,8989,1,1,5,0,0,0,1,1,0
23,30214,1,1,1,0,0,0,0,0,0
19,36265,1,1,7,0,0,0,0,0,0
37,42704,1,0,3,1,0,0,0,0,0
45,32622,1,1,7,0,1,0,0,0,1
28,32469,0,5,1,1,0,0,0,1,1
21,24158,1,3,2,0,0,0,0,1,0
32,53863,1,4,6,0,0,0,1,1,0
23,13454,1,1,3,0,1,0,1,1,0
71,35385,1,1,5,0,1,0,0,0,0
66,15182,1,2,4,0,0,0,1,1,0
47,38021,1,0,1,0,0,0,0,0,0
73,14444,1,1,3,0,0,0,1,1,0
55,41157,1,0,1,0,0,0,0,0,0
68,31681,1,1,5,0,0,0,0,0,0
79,56169,1,2,1,0,0,0,0,0,0
74,25784,1,1,7,0,0,0,0,0,0
19,36374,0,4,7,0,0,0,0,1,0
32,18305,1,0,3,0,0,0,1,1,0
28,25681,1,1,2,0,0,0,0,0,0
25,31586,0,2,6,0,0,0,0,0,1
43,7091,1,1,3,0,0,0,1,0,0
68,8735,1,1,1,1,0,0,1,0,0
62,38997,1,1,5,0,0,0,0,0,0
61,27808,1,0,7,0,0,0,0,0,0
22,21106,0,2,4,0,0,1,0,1,1
23,18945,1,1,4,0,0,0,1,0,0
43,19522,1,2,5,0,0,0,1,1,0
71,31688,1,2,1,0,0,0,0,0,0
21,36675,1,0,6,0,0,0,0,0,0
36,0,1,1,5,0,1,0,1,1,0
37,51192,1,1,1,0,0,0,0,0,0
50,50125,1,2,3,0,0,0,0,0,0
37,0,1,0,6,0,0,0,1,1,0
66,46288,1,1,2,0,1,0,1,0,0
29,45828,0,1,1,0,1,0,0,0,0
64,30006,0,2,4,0,0,0,0,0,0
18,10542,1,2,4,0,0,0,0,1,0
43,45228,1,3,7,1,0,0,0,1,0
31,26381,1,1,6,0,1,0,0,0,0
55,38233,0,2,2,0,0,0,0,1,0
54,63288,0,0,1,1,1,0,0,0,0
79,33777,1,1,2,0,0,0,0,0,0
28,16246,1,2,7,1,0,0,1,1,0
53,24964,1,1,3,0,1,0,0,0,0
30,18158,1,1,2,0,0,0,1,1,1
60,36502,1,0,3,0,1,0,0,0,0
20,17908,1,0,4,0,0,0,0,1,0
50,22907,1,1,3,0,1,0,1,0,0
23,10733,1,0,1,0,0,0,1,0,1
67,28018,1,0,6,0,0,0,0,0,0
73,32651,1,0,6,0,0,0,0,0,0
27,0,0,3,1,0,0,0,0,1,1
22,33893,1,0,1,0,0,0,0,0,0
40,29314,1,1,1,0,1,1,0,0,1
27,18525,1,1,5,0,0,0,1,1,0
61,60429,0,2,7,0,0,0,0,0,0
19,44377,1,2,3,0,1,0,0,0,0
30,13553,1,2,1,0,0,0,1,0,1
57,42573,1,0,6,0,0,0,0,0,0
19,48667,1,1,2,0,0,0,0,0,0
37,31980,1,1,2,0,1,1,0,0,1
18,35421,1,1,5,0,0,0,0,0,0
54,35075,1,1,3,0,0,0,0,0,0
26,0,1,0,3,0,1,0,1,1,0
34,27196,1,0,7,0,0,0,0,0,0
26,26416,1,1,3,0,0,0,0,0,0
28,51452,1,1,6,0,0,0,0,0,0
32,35005,1,0,6,0,1,0,0,0,0
41,25535,1,1,7,0,0,0,0,0,0
55,28648,1,4,5,0,0,0,0,1,0
72,45350,1,2,3,0,0,0,0,0,0
52,27231,1,1,3,0,0,0,0,0,0
47,19527,1,0,1,0,0,0,1,0,0
48,25864,1,1,3,0,0,0,0,0,0
66,44110,1,1,6,0,0,0,0,0,0
22,37442,1,1,1,0,0,0,0,0,0
79,30664,0,1,1,0,0,1,0,0,1
77,32873,1,2,3,0,0,0,0,0,0
61,21603,1,1,2,0,0,0,0,1,0
67,27090,1,0,4,0,0,0,0,0,1
31,20050,1,2,6,0,0,0,0,1,0
70,25578,1,0,2,0,0,0,0,0,0
73,50192,0,2,3,0,0,0,0,0,0
28,13831,1,2,3,0,0,0,1,0,0
26,19669,1,0,2,0,0,0,1,1,0
51,11185,1,2,3,0,0,0,1,1,0
29,7936,1,0,6,0,0,0,1,1,0
52,27198,0,2,7,0,0,1,0,0,1
52,20735,1,0,1,0,0,0,0,0,0
18,56425,1,4,5,0,1,0,0,1,0
57,25757,1,1,3,1,0,0,1,0,0
39,49340,0,0,3,0,0,0,1,0,0
77,44520,1,2,2,0,0,0,0,1,0
46,26865,0,2,1,0,0,0,0,0,0
25,61652,1,0,2,1,0,0,0,0,0
28,34028,1,3,7,0,0,0,0,1,0
58,52695,1,2,6,0,0,0,0,0,0
54,50948,1,0,2,0,0,0,0,0,0
31,36219,1,2,3,0,0,0,0,0,0
77,41266,1,1,1,0,0,0,0,0,0
47,39361,0,1,6,1,0,0,0,0,0
52,12836,1,3,3,0,0,0,1,1,0
38,30859,1,0,6,0,1,0,0,0,0
54,46113,0,3,3,0,0,0,0,1,0
22,52892,1,2,3,0,0,0,0,0,0
36,19190,1,1,3,0,0,0,1,1,0
76,37932,0,2,5,1,0,0,0,0,0
31,32263,0,2,4,0,0,0,0,0,0
43,28231,1,1,1,1,0,0,0,0,0
79,35340,1,1,7,0,0,1,0,0,1
21,33269,1,1,5,0,0,0,0,0,0
42,38121,1,0,4,0,0,0,0,0,0
62,51625,1,1,6,0,0,1,0,0,1
59,41761,0,2,4,0,0,1,0,0,1
42,34658,1,2,4,0,0,0,0,0,0
35,57969,1,3,5,0,0,0,0,1,0
57,46648,1,0,1,0,0,0,0,0,0
25,28614,1,1,2,0,0,0,0,0,0
56,11743,1,1,4,1,0,0,1,1,0
57,15182,0,2,2,0,0,0,0,1,0
31,43998,0,2,2,0,0,0,0,0,0
49,20545,1,3,3,0,0,0,0,1,0
68,14879,1,1,2,0,0,1,1,1,1
78,18628,1,1,6,0,0,0,1,1,0
55,19689,1,3,6,1,0,0,1,1,0
50,42759,1,1,3,0,1,1,0,0,1
40,27648,1,1,1,0,1,0,0,0,0
32,9414,0,2,7,0,1,0,0,1,0
50,30465,0,1,1,0,0,0,0,0,0
42,33333,1,2,6,0,0,0,0,0,0
34,22809,1,0,7,0,0,0,0,0,0
50,47338,1,1,3,0,1,0,0,0,0
64,23685,1,1,1,1,0,0,1,0,0
72,46625,1,0,7,0,0,0,0,0,1
19,38951,1,1,7,0,0,0,0,0,0
31,43899,1,1,4,0,0,0,0,0,0
70,13521,0,0,1,0,0,0,0,0,0
57,31474,1,3,3,0,0,0,0,1,0
57,29207,1,2,7,0,0,1,0,0,1
68,8669,0,2,6,1,1,0,1,1,0
56,46575,1,2,4,0,0,0,0,0,0
68,17738,1,1,2,0,0,0,1,1,0
23,20856,1,2,2,0,0,0,1,0,1
23,14800,1,1,2,0,0,0,1,1,1
20,40517,1,2,6,1,0,0,0,0,0
24,7111,0,1,7,0,0,0,0,1,0
68,39268,1,1,3,1,0,0,0,0,0
25,45667,1,2,2,0,0,0,0,0,0
59,38057,1,1,1,0,0,0,0,0,0
69,40689,1,3,2,0,0,0,0,1,0
32,41393,1,1,7,0,0,0,0,0,0
64,15758,1,0,5,0,0,1,1,1,1
46,51521,1,2,6,1,0,0,0,0,0
50,23098,1,2,5,0,0,1,0,0,1
69,29004,1,0,2,1,0,0,0,0,0
47,25010,1,3,7,0,0,0,0,1,0
56,37373,1,0,2,0,0,0,0,0,0
44,21929,1,0,5,0,0,0,0,1,0
53,31003,1,2,7,0,0,0,0,0,0
46,11469,1,4,6,0,0,0,1,1,0
55,47469,1,1,6,0,0,0,0,0,0
74,40061,1,3,2,0,0,0,0,1,0
50,25616,1,3,6,0,0,0,0,1,0
78,22962,1,2,4,0,1,0,1,0,0
54,39669,0,1,7,0,0,0,0,0,0
44,19390,1,3,7,0,0,0,1,1,0
72,31880,0,3,6,1,1,0,0,1,0
50,47420,0,3,7,0,0,1,0,1,1
79,17831,1,2,5,0,0,0,1,1,0
21,35529,1,3,3,0,1,0,0,1,0
39,34735,1,0,5,0,1,0,0,0,0
19,28539,1,1,1,0,0,0,0,0,0
27,22443,1,1,4,0,0,0,0,0,0
22,48221,1,1,3,1,0,0,0,0,0
76,21036,1,0,2,0,0,0,0,1,0
27,2819,1,1,7,0,0,0,1,1,0
50,39608,1,4,1,0,0,0,0,1,0
71,11980,0,0,1,0,1,0,0,0,0
55,40378,0,3,4,0,0,0,0,1,0
30,50023,1,1,3,0,0,0,0,0,0
48,39446,1,2,1,1,0,1,0,0,1
64,46071,0,2,3,0,0,0,0,0,0
53,60300,1,3,3,0,0,0,0,1,0
62,44501,1,0,6,0,0,0,0,0,0
41,34958,1,1,1,0,0,0,0,1,0
69,54509,1,3,3,0,0,0,0,1,0
73,56321,1,1,4,0,0,0,0,0,0
32,56531,1,0,1,0,0,0,0,0,0
46,22617,1,0,4,0,0,0,0,0,0
25,9689,1,2,4,0,0,0,1,1,0
22,21702,1,0,3,0,0,0,0,1,0
46,40554,1,1,3,0,0,0,0,0,0
64,32387,0,1,6,0,0,0,0,0,0
21,26902,1,0,7,0,1,0,0,0,0
29,38407,1,1,6,0,0,0,0,0,0
62,7937,1,1,1,0,0,0,1,0,0
19,32117,1,0,6,0,0,1,0,0,1
44,46776,0,0,2,0,0,0,0,0,0
48,38239,1,0,1,0,0,0,0,0,0
68,40377,1,0,4,0,0,0,0,0,0
68,53960,1,2,6,1,0,0,0,0,0
53,29007,0,3,6,0,0,1,0,1,1
53,20203,1,1,7,0,0,0,0,1,0
43,47842,1,1,6,0,0,0,1,1,0
60,47566,0,1,3,1,0,0,0,0,0
44,38374,1,3,4,0,0,0,0,1,0
22,27594,1,1,6,0,0,0,0,0,0
37,30020,0,0,5,0,0,0,0,0,0
28,10848,0,1,5,0,0,0,0,1,0
79,46694,0,0,4,0,0,0,0,1,0
27,46164,1,1,6,1,0,0,0,1,0
57,10324,0,1,7,0,0,0,0,1,0
55,43014,1,0,2,0,0,1,0,0,1
23,36061,1,4,7,0,1,0,0,1,0
25,14670,1,0,2,0,0,1,1,1,1
40,11909,0,5,1,0,0,0,1,1,0
64,35602,1,3,1,0,0,0,0,1,0
43,24034,1,1,7,0,0,0,0,0,0
63,57299,1,0,6,0,0,0,0,0,0
60,44288,1,1,7,0,1,0,0,0,0
29,37105,0,0,1,1,0,0,1,0,0
43,37846,1,1,3,0,0,0,0,0,0
30,49963,1,1,2,1,0,0,0,0,0
57,42697,1,0,4,0,0,0,0,0,0
79,37496,1,0,7,0,0,0,0,0,0
35,15296,1,1,6,0,0,0,1,1,0
42,75929,0,2,6,0,0,0,0,1,0
50,13452,1,1,5,0,0,0,1,1,0
64,25311,1,1,2,0,0,0,0,0,0
57,5179,0,3,2,0,0,0,0,1,0
77,38081,1,1,2,0,0,0,0,0,0
60,32266,1,2,7,0,1,0,1,0,0
29,41479,1,0,1,0,0,0,0,0,0
61,3914,0,1,3,0,0,0,0,1,0
53,46693,1,1,7,1,1,0,0,0,0
65,17888,1,3,4,0,0,0,1,1,0
21,27764,1,2,1,0,0,0,0,0,0
22,43973,0,1,7,0,0,0,0,0,0
73,33919,1,0,3,0,0,0,0,0,0
54,34979,1,1,2,0,0,0,0,0,0
25,41987,1,1,3,0,0,0,0,0,0
59,36431,1,1,1,0,1,1,0,0,1
66,24883,0,2,7,0,0,0,0,0,0
45,27502,0,1,2,0,0,1,0,0,1
48,33178,1,0,7,0,0,1,0,0,1
75,16566,1,1,1,0,0,0,1,0,0
26,44940,1,0,4,0,0,0,0,0,0
71,34329,1,1,2,0,0,0,0,1,0
68,31121,1,1,3,0,0,0,0,0,0
46,47887,1,2,1,1,0,0,0,0,0
31,28198,1,2,5,0,0,0,0,0,0
57,27263,1,1,3,0,1,1,0,0,1
58,22730,1,2,3,0,0,0,1,0,0
39,35146,1,0,2,0,1,0,0,0,0
28,34626,0,0,7,1,0,0,0,0,0
40,20005,1,0,6,0,0,0,0,0,0
18,27334,1,0,3,0,0,0,0,0,0
63,20105,1,0,1,1,1,0,1,0,0
54,19426,1,3,5,1,0,1,1,1,1
38,4051,1,1,4,0,0,0,1,1,0
43,26536,1,4,5,0,0,0,0,1,0
63,4466,1,0,1,0,0,0,1,0,0
53,23057,1,1,2,0,0,0,0,0,0
71,20809,0,1,1,0,0,0,0,1,0
40,45778,1,0,6,0,0,0,0,0,0
74,14775,1,0,6,0,0,0,1,1,0
18,18582,1,0,6,0,0,0,1,1,0
71,24277,0,0,3,0,0,0,0,1,0
72,21297,0,0,2,0,0,1,0,1,1
68,50538,1,0,7,0,0,0,0,0,0
57,12921,1,0,6,0,0,0,1,1,1
32,24308,0,0,7,0,0,0,0,0,0
38,34980,1,2,4,1,1,0,0,0,0
64,43217,1,3,4,0,0,0,0,1,0
26,24296,1,2,7,0,0,0,0,0,0
70,1228,1,3,1,0,0,0,1,0,0
26,27748,1,1,6,0,0,0,0,0,0
27,50280,1,1,3,0,0,1,0,0,1
69,34232,1,1,4,0,0,0,1,0,0
74,33546,1,2,5,0,1,0,0,0,0
70,14054,1,1,2,0,0,0,1,1,0
43,12514,0,1,5,0,0,0,0,1,0
58,30270,1,1,7,0,0,1,0,0,1
52,8604,1,2,4,1,0,0,1,1,0
69,41720,1,1,4,0,0,0,0,0,0
42,17300,1,0,1,1,1,1,1,0,1
43,29630,1,0,1,0,0,0,0,0,0
28,1713,0,2,6,0,0,0,0,1,0
55,24092,1,0,7,0,0,0,0,0,0
19,12212,1,0,2,0,0,0,1,1,1
24,0,1,1,6,0,0,0,1,1,0
35,38127,0,0,1,0,0,0,0,0,0
44,54617,1,1,3,0,0,0,0,0,1
51,46942,1,2,2,0,0,0,0,0,0
44,40225,1,2,3,0,0,0,0,0,0
34,23788,1,2,6,0,0,0,0,0,0
60,42088,1,0,1,0,0,0,0,1,0
76,48357,0,2,2,0,0,0,0,0,1
61,32052,1,2,6,0,0,0,0,0,0
76,12234,0,2,4,0,0,0,0,1,0
68,22509,1,0,6,0,1,0,0,0,0
71,55540,1,0,7,0,1,0,0,0,0
41,28878,1,4,5,0,1,1,1,1,1
42,0,1,2,4,0,0,0,1,1,0
24,7966,1,1,3,0,0,1,1,1,0
69,23633,1,4,4,0,1,0,0,1,0
23,45537,1,1,6,0,0,0,0,0,0
70,25903,1,3,4,0,0,0,1,1,0
41,45816,1,3,5,0,1,0,0,1,0
50,22107,0,0,7,0,0,0,1,0,0
66,535,1,0,6,0,0,0,1,1,0
46,22626,1,3,5,0,0,0,0,1,0
60,35174,0,1,4,0,0,0,0,0,0
39,33929,1,3,5,0,0,0,0,1,0
43,11173,1,2,4,0,0,0,1,1,0
45,24732,0,0,2,0,0,0,0,0,0
67,70270,1,0,4,0,0,0,0,0,0
38,11500,1,0,1,0,0,0,1,0,1
66,39910,1,1,5,0,0,1,0,0,1
24,0,0,0,7,0,0,0,0,1,0
34,42956,1,0,5,0,0,0,0,0,0
37,16615,1,1,3,0,0,1,1,1,1
58,36031,1,1,7,0,0,0,0,0,0
66,10627,1,0,7,0,0,0,1,1,0
37,34362,1,1,3,0,0,0,0,0,0
71,16370,1,0,1,0,0,0,1,0,0
39,19274,1,0,5,0,0,0,1,0,0
45,36629,1,2,7,0,0,0,0,0,0
78,23544,1,0,5,0,1,0,0,0,0
57,35705,1,2,7,0,1,0,0,0,0
66,27137,1,3,3,0,0,0,0,1,0
24,31012,0,1,3,0,0,0,0,0,1
18,36676,1,2,4,0,0,0,0,0,0
49,24749,1,5,6,0,0,0,0,1,0
30,15059,1,2,5,0,0,1,1,1,1
47,22015,1,0,5,0,0,0,0,0,0
40,47927,0,1,7,0,0,0,0,0,0
68,31742,1,1,4,0,0,0,0,0,0
76,17326,0,0,5,0,0,0,0,1,0
73,36023,1,1,7,0,0,0,0,1,0
36,37024,1,2,1,0,0,0,0,0,0
79,37799,1,0,3,0,0,1,0,0,1
49,15332,1,1,3,0,1,0,1,0,0
47,19764,1,2,6,0,0,0,1,1,0
46,19847,1,1,3,0,0,0,1,1,0
66,24590,0,0,2,0,1,0,0,0,0
62,38083,0,0,1,1,1,0,0,0,0
46,34442,1,3,1,0,0,0,0,0,0
47,35628,1,0,4,0,0,0,0,0,0
33,50310,1,3,2,0,0,1,0,1,1
57,40333,1,0,5,0,0,0,0,0,0
36,27872,1,5,6,0,1,0,0,1,0
35,12241,1,3,1,0,0,0,1,1,1
18,19281,1,0,2,0,0,0,1,1,1
31,26074,0,1,2,0,0,0,0,0,0
68,42436,0,1,7,0,0,0,0,0,0
64,29590,1,0,1,0,0,0,0,0,0
67,20157,1,1,7,0,0,0,0,1,0
19,19006,1,1,4,0,0,0,1,1,0
71,28956,0,1,2,0,0,0,0,0,1
45,43349,1,3,3,0,0,0,0,1,0
66,53865,1,0,2,0,0,0,0,0,0
67,26913,1,0,5,0,0,0,0,0,0
47,29328,1,0,1,1,0,0,0,0,0
55,11790,1,1,5,0,0,0,1,1,0
68,59087,1,1,4,0,0,0,0,1,0
21,8984,0,0,6,0,0,0,0,1,0
18,47574,0,0,3,0,0,0,0,0,0
25,24519,1,2,1,0,1,0,0,1,0
46,21009,1,0,2,0,0,0,0,1,0
72,13349,1,1,3,1,0,0,1,1,0
56,66150,1,1,2,0,0,0,0,0,0
20,33322,1,1,4,0,0,0,0,0,0
49,30319,0,1,6,1,1,0,0,0,0
27,43300,1,1,1,0,0,0,0,0,0
27,20237,1,0,4,0,0,0,0,1,0
36,30027,1,3,4,0,0,0,0,1,0
63,30845,1,4,6,0,0,0,0,1,0
51,22317,1,2,4,0,0,0,0,0,0
77,47994,0,1,4,0,0,0,0,0,0
50,26720,1,1,2,1,0,0,0,0,0
40,6703,1,0,7,0,0,0,1,1,0
72,25477,1,1,5,0,0,0,0,0,0
45,33737,0,3,2,0,0,1,0,1,1
49,16597,1,2,6,0,0,0,1,1,0
67,17781,1,1,3,0,0,0,1,1,0
24,21806,1,1,6,0,0,0,0,1,0
46,48318,1,2,6,0,0,0,0,0,0
25,22692,1,0,6,0,0,0,0,0,0
18,51436,1,2,6,0,0,0,0,0,0
74,20775,1,1,4,0,0,0,0,1,0
72,34875,1,2,6,0,1,0,0,0,0
20,23306,0,0,3,0,0,0,1,0,0
41,41311,1,3,6,0,0,0,0,1,0
40,13225,1,0,2,0,1,0,1,1,0
76,41142,0,1,4,0,1,0,0,0,0
78,31708,1,2,2,0,0,0,0,0,0
25,20400,1,2,4,1,0,0,1,1,0
71,27506,1,3,2,0,0,0,0,1,0
74,53007,1,2,1,0,0,0,0,0,0
64,32067,1,2,5,1,0,0,0,0,0
54,19459,1,1,5,0,0,0,1,1,0
20,11929,1,1,4,0,0,0,0,1,0
68,37581,1,3,1,0,0,0,0,1,0
50,32937,1,1,3,0,0,0,0,0,0
45,40425,1,2,1,0,0,0,0,0,0
64,8066,1,0,7,0,1,0,1,1,0
25,12416,1,0,4,0,0,0,1,1,0
51,47203,1,0,1,0,0,0,0,0,0
52,34970,0,0,3,0,1,0,0,0,0
49,38001,1,2,4,0,1,0,0,0,0
41,15559,1,1,5,0,0,0,1,1,0
31,15285,1,0,6,0,1,0,1,0,1
49,44868,0,0,1,0,0,0,0,0,0
73,45575,1,2,5,0,0,0,0,0,0
63,13675,1,0,5,0,0,0,1,1,0
60,10809,1,3,2,0,0,0,1,1,0
33,28371,1,0,3,0,0,0,0,0,0
21,18009,1,2,7,1,0,0,1,1,0
69,17697,1,2,6,0,0,0,1,1,0
54,11229,1,1,1,0,0,0,1,0,0
71,22973,0,0,5,0,0,0,0,1,1
38,12679,1,1,5,0,0,0,0,1,0
31,13568,1,2,7,0,0,0,1,1,0
48,34475,1,2,3,0,0,0,0,0,0
72,29172,1,1,6,0,0,0,0,0,0
65,37273,1,1,6,0,0,0,0,0,0
35,5264,1,2,7,0,0,0,1,1,0
24,30148,1,0,5,0,0,0,0,0,0
27,61134,1,3,5,0,0,1,0,1,1
24,24415,0,0,5,0,1,0,0,0,0
50,42371,1,0,5,1,0,0,1,0,0
40,42240,0,0,2,0,0,0,0,0,0
38,42977,1,0,2,0,0,0,0,0,0
36,32499,0,1,7,1,0,0,0,0,1
65,38491,0,1,6,0,1,0,0,0,0
78,40485,1,4,4,1,0,0,0,1,0
36,39531,1,2,1,0,0,0,0,0,0
53,13238,1,0,3,0,0,1,1,1,1
46,4389,0,0,4,0,0,0,0,1,0
77,6696,1,0,2,0,0,0,1,1,0
35,25947,0,1,2,0,0,0,0,1,0
19,38908,1,0,2,0,1,0,1,0,0
18,13433,1,2,4,0,0,0,1,1,0
64,43859,1,0,2,0,0,0,0,0,0
22,22465,1,0,4,0,0,0,1,0,0
37,22608,1,1,2,0,0,0,0,0,1
28,17458,1,1,5,0,0,0,1,1,0
59,1728,1,1,5,0,0,0,1,1,0
19,33439,1,1,1,1,0,0,0,0,0
20,55690,1,3,2,0,0,0,0,1,0
40,29060,0,2,7,0,0,0,0,0,0
72,2240,1,3,1,0,0,0,1,1,0
29,41705,1,1,4,0,0,0,0,0,0
37,5628,1,0,1,0,0,0,1,0,1
22,11864,0,0,2,0,0,0,0,1,0
54,26424,0,2,4,1,0,0,0,0,0
55,31842,1,0,7,0,0,1,0,0,1
47,14870,1,3,4,1,0,0,1,1,0
26,25840,0,1,5,0,0,0,0,0,0
51,40727,1,0,4,0,0,0,1,0,0
70,42782,1,2,4,0,0,0,0,0,0
61,48771,1,2,1,0,1,0,0,0,0
52,58641,0,0,7,0,0,0,0,0,0
69,42148,1,1,6,0,0,0,0,0,0
75,26748,1,1,4,1,0,0,0,0,0
39,42889,0,1,3,0,0,0,0,0,0
61,37000,1,0,6,0,0,0,0,0,0
41,37595,1,2,5,0,0,0,0,1,0
34,32658,1,0,7,0,0,0,0,0,0
27,16319,1,4,7,0,0,1,0,1,1
47,14578,0,1,5,0,0,1,0,1,1
73,28543,0,1,4,0,0,1,0,0,1
76,32233,1,1,1,0,0,0,0,0,0
63,19808,1,0,6,1,0,0,1,1,0
40,36350,1,0,5,0,0,0,0,0,0
49,61211,1,2,5,0,0,0,0,0,0
34,3835,1,1,3,0,0,0,1,1,0
67,38733,1,1,4,0,0,0,1,0,0
68,29010,0,2,6,0,0,0,0,0,0
34,36759,1,0,5,0,0,0,0,0,0
31,23539,1,4,7,0,0,0,0,1,0
26,27809,1,1,5,0,0,0,0,0,0
57,31942,0,0,5,0,0,0,0,0,0
19,25475,1,2,5,0,0,0,0,0,0
62,7191,1,0,1,1,0,0,1,0,0
42,26491,1,0,2,0,0,0,0,0,0
56,8753,0,0,3,0,0,0,0,1,0
26,39797,1,0,7,0,1,1,0,0,1
71,2016,1,4,1,1,1,1,1,1,1
39,45429,1,2,3,0,0,1,0,0,1
60,36443,1,1,5,0,1,0,0,0,0
63,36500,0,3,3,0,0,0,0,1,0
21,0,1,0,4,0,1,0,0,1,1
43,25071,1,1,4,1,0,0,0,0,0
75,47303,1,0,2,1,0,0,0,0,0
46,22220,1,1,2,1,0,0,1,0,0
62,13829,1,0,3,0,0,0,1,1,0
51,20449,1,1,1,1,0,0,1,0,0
40,28975,0,2,1,0,0,0,0,0,0
54,17229,1,1,5,0,1,0,1,1,0
28,48507,1,2,1,0,0,1,0,0,1
23,29029,1,2,2,1,0,0,0,0,0
35,21666,1,1,1,0,0,1,0,0,1
38,10479,1,2,5,0,0,0,1,1,0
59,37266,0,0,4,0,0,0,0,1,0
53,36924,1,0,1,0,0,0,0,1,0
58,18116,0,1,1,0,0,0,0,0,0
55,0,1,2,2,0,0,0,1,1,0
51,36161,1,2,3,0,0,0,0,0,0
34,27197,1,0,4,0,0,0,0,0,0
54,35041,1,2,3,0,0,0,0,0,1
42,59357,1,1,5,0,0,0,0,0,0
55,29597,1,1,5,1,1,0,0,0,0
75,22292,1,2,3,0,1,0,0,0,0
29,12790,1,2,2,0,0,0,1,1,1
40,25313,1,1,6,0,0,0,0,0,0
70,32408,0,1,2,0,0,0,0,0,0
59,30799,1,1,6,0,0,0,0,0,0
39,55851,1,0,6,0,0,0,0,0,0
38,37486,1,3,2,0,0,0,0,1,1
44,27977,1,1,6,0,0,0,0,0,0
74,19401,1,2,6,0,0,0,1,1,0
48,34000,1,1,6,0,0,0,0,0,0
23,16394,1,4,4,0,0,0,1,1,0
44,32697,1,0,5,1,0,0,1,0,0
57,37311,1,0,6,0,0,0,0,0,0
51,26753,1,2,5,0,0,0,1,0,0
29,20545,1,1,7,0,0,0,0,1,0
62,0,1,1,5,0,1,0,1,1,0
74,47157,1,2,7,0,0,0,0,0,0
70,36049,0,1,4,0,1,0,0,0,0
24,36414,1,0,5,0,0,0,0,0,0
27,6579,1,2,3,0,1,0,1,1,0
62,50697,1,1,1,0,0,0,0,0,0
34,23021,1,0,4,0,0,0,0,0,0
43,25668,1,2,1,0,0,0,0,0,0
38,13960,1,2,3,0,0,0,1,1,0
45,3195,1,1,2,0,0,0,1,1,0
79,47360,1,1,2,0,0,0,0,0,0
75,49298,0,1,6,0,0,0,0,0,0
63,27517,1,0,2,0,0,0,0,0,0
19,19809,1,1,4,0,0,0,1,1,0
77,24344,1,1,2,0,0,0,0,0,0
71,24755,1,0,4,0,0,0,0,0,0
60,12002,1,2,4,0,0,0,1,1,0
18,25616,1,3,1,0,0,0,0,1,0
68,32296,1,1,2,0,0,0,0,0,0
70,45272,1,1,5,0,1,0,0,0,0
53,30213,1,0,7,0,0,0,0,0,0
68,6354,1,3,2,0,0,0,1,1,0
43,35303,1,5,2,0,0,0,0,1,0
46,26161,1,1,2,0,0,0,0,0,0
38,50556,1,1,6,0,0,0,0,0,0
28,51441,1,2,5,0,0,0,0,0,0
57,51966,1,0,5,0,0,0,0,0,0
28,21576,1,1,4,0,1,0,0,1,0
53,59847,1,0,5,1,0,0,0,0,0
66,35264,1,0,4,0,0,0,0,1,0
76,54395,0,4,7,0,0,0,0,1,0
56,22460,1,1,1,0,0,0,0,0,0
57,25521,1,0,4,0,0,0,0,0,0
52,34110,0,0,2,0,0,0,0,0,0
71,32278,1,2,3,0,0,0,0,0,0
51,48822,1,2,3,1,0,0,0,0,0
72,26518,1,2,6,1,0,0,0,1,0
64,47469,1,1,2,0,0,0,0,0,0
41,40983,0,0,4,0,1,0,0,0,0
71,26799,1,2,2,0,1,1,0,0,1
39,39820,0,2,6,0,0,0,0,0,0
22,22901,1,2,5,0,0,0,0,0,0
73,65253,0,0,4,0,0,0,0,1,0
50,0,1,0,7,0,0,1,1,1,1
75,40094,1,3,2,1,0,0,0,1,0
53,3531,1,0,5,0,0,0,1,1,0
64,26615,1,0,6,0,0,0,1,0,0
37,28715,1,3,5,0,1,0,0,1,0
36,52614,0,2,4,0,0,0,0,0,0
52,19617,1,1,6,1,0,0,0,1,0
69,49620,1,0,6,1,0,0,0,1,0
60,12317,0,0,6,0,1,1,0,1,1
34,50200,1,1,1,0,0,0,0,0,0
79,22884,1,0,6,0,1,0,0,0,0
76,31101,1,0,1,0,0,0,0,0,0
62,24954,1,3,5,0,0,0,0,1,0
60,49235,1,0,7,0,0,0,0,0,0
51,46316,1,0,1,0,0,0,0,0,0
26,36652,1,0,5,0,0,1,1,0,1
43,12721,0,2,1,0,0,0,0,0,0
19,19274,1,1,5,0,1,0,1,0,0
70,14571,1,1,5,0,0,0,1,1,0
26,0,1,1,7,0,0,0,1,1,0
26,48919,1,1,6,0,0,0,0,0,0
57,25082,0,0,7,0,0,0,0,0,0
34,24922,1,2,7,0,0,0,0,0,0
18,52441,1,0,6,1,0,0,0,0,0
42,22860,0,1,5,1,0,0,1,0,0
78,17392,1,1,6,0,0,0,1,1,0
60,26628,0,0,5,0,0,0,0,0,0
57,13009,1,2,6,0,0,0,1,1,0
59,35165,1,1,3,0,0,1,0,0,1
42,24395,1,0,1,0,0,0,0,0,0
56,22390,1,3,7,0,1,1,0,1,1
52,21091,1,2,5,0,0,0,0,1,0
20,28406,1,0,2,0,1,0,0,0,0
67,31252,1,1,6,0,0,0,0,0,0
54,22200,1,3,6,1,0,1,1,1,1
61,24618,1,1,4,0,0,1,0,1,1
61,28777,0,1,2,1,0,0,0,0,0
68,27263,1,2,2,0,0,0,0,0,0
47,30466,1,2,7,0,1,0,0,0,0
55,19849,0,1,3,0,0,0,0,0,0
51,45068,1,2,1,0,0,1,0,0,1
29,31452,1,0,3,0,0,0,0,0,0
36,22442,0,1,1,0,0,0,0,0,1
54,35165,1,0,5,0,0,0,1,0,0
61,28884,1,1,7,0,1,0,0,0,0
76,3992,1,0,3,0,0,0,1,1,0
76,35114,1,1,4,0,1,0,0,0,0
66,14707,1,1,1,0,0,0,1,0,0
78,44016,1,2,3,1,0,0,0,0,0
34,26373,1,0,7,0,0,0,1,0,0
27,41701,0,0,4,0,0,0,0,0,0
74,20546,0,0,7,0,0,0,0,1,0
72,31048,1,2,2,1,0,0,0,0,0
66,48153,1,0,6,0,1,0,1,0,0
64,25964,1,0,5,0,0,0,0,0,0
29,21137,0,2,7,0,1,0,0,1,0
79,39825,1,2,5,0,0,0,0,0,0
33,39534,0,0,7,0,0,0,0,0,0
41,21768,1,2,2,0,0,0,0,1,0
36,218,0,3,7,0,0,1,0,1,1
25,20849,0,1,7,0,0,0,0,0,0
48,40160,1,2,3,1,0,0,0,0,0
38,18374,1,2,6,0,0,0,0,1,0
34,29835,1,1,2,0,0,0,0,0,0
40,20137,1,2,4,0,0,0,0,1,0
54,1017,1,0,6,0,0,0,1,1,0
71,19867,1,1,1,1,0,0,1,0,0
33,40096,0,0,3,0,0,0,0,0,0
23,0,1,1,6,0,0,0,1,1,0
25,33782,1,0,1,0,1,0,0,0,0
42,12208,1,4,2,1,0,0,1,1,0
35,39126,0,0,7,0,0,0,0,0,0
42,40714,1,0,5,0,0,0,0,0,0
29,27420,1,4,6,0,0,0,0,1,0
32,27454,1,1,6,0,0,0,0,0,0
76,17904,0,0,1,0,0,0,1,0,0
43,9816,0,0,1,1,0,0,0,0,0
58,55471,1,2,5,0,0,0,0,0,0
62,17023,1,1,1,0,0,1,1,0,1
43,53516,1,1,1,0,0,1,0,0,1
64,17107,1,2,6,0,1,0,1,0,0
49,37877,1,4,5,0,0,0,0,1,0
27,12932,1,0,5,0,0,0,1,1,1
33,37850,1,0,7,0,0,0,0,1,0
24,25116,1,0,6,0,0,0,0,0,0
34,25312,0,2,7,0,1,0,0,0,0
40,39150,0,0,2,0,0,0,0,0,0
43,22962,1,0,2,0,0,0,0,0,0
38,8577,0,4,6,0,0,0,0,0,0
39,41419,1,1,1,0,0,0,0,0,0
75,12811,0,2,3,0,0,0,0,0,1
24,37747,1,2,2,0,1,0,0,0,0
31,44594,1,0,2,0,0,0,1,0,0
32,24367,1,2,6,0,0,0,0,0,0
70,47735,0,2,7,0,0,0,0,0,0
24,37226,1,2,6,0,0,0,0,0,0
26,19562,1,2,3,0,0,0,1,1,0
68,51021,1,1,3,0,0,0,0,0,0
65,12874,0,0,5,0,0,0,0,1,0
25,24349,1,2,6,0,0,0,0,1,0
67,26905,1,0,2,0,0,0,0,0,0
76,39078,1,0,7,0,0,0,0,0,0
40,46731,1,1,7,0,0,0,0,0,0
46,45791,0,0,4,0,0,0,0,0,0
35,33356,1,1,4,0,0,0,0,0,0
48,25795,1,2,1,0,0,0,0,0,0
47,2610,1,2,2,1,1,0,1,1,0
69,10287,1,1,4,0,1,0,1,1,0
56,56499,0,2,7,0,1,0,0,0,0
52,2458,1,0,2,0,1,0,1,1,0
35,18232,0,0,6,0,0,0,0,1,0
76,47169,1,0,2,0,1,0,0,0,0
59,33145,1,1,4,0,1,0,0,0,0
56,43920,1,1,7,0,0,0,0,0,0
34,38142,1,0,2,0,0,0,0,0,0
31,52043,1,2,3,0,0,0,0,0,0
48,34431,1,2,1,0,0,0,0,0,0
41,39951,1,0,5,0,0,0,0,1,0
52,19136,0,3,7,0,0,0,0,1,0
61,38794,0,1,4,1,0,0,0,0,0
77,24058,1,2,6,0,0,1,0,0,1
62,23203,1,3,5,1,0,0,1,1,0
51,43420,0,2,1,0,1,0,0,0,0
20,43524,1,1,7,0,0,0,0,0,0
54,55326,1,2,7,0,1,0,0,0,0
60,54348,1,1,3,0,0,0,0,0,0
57,43759,1,2,3,0,0,0,0,0,0
43,4193,1,0,3,0,0,0,1,1,0
72,57415,1,0,3,1,0,0,0,0,0
40,43769,1,2,4,0,0,0,0,0,0
61,18512,0,0,7,0,0,0,0,1,0
56,40933,1,0,4,0,0,0,0,0,0
32,14441,1,2,2,0,0,0,1,1,1
73,39279,1,1,6,0,0,0,0,0,0
66,10255,1,6,2,0,0,0,1,1,0
21,17876,1,1,6,1,0,0,1,1,0
46,40648,1,1,1,0,0,0,0,0,0
39,46093,1,0,2,0,0,0,0,0,0
42,34881,1,0,1,0,1,0,0,0,0
30,25707,1,1,1,1,0,1,0,0,1
35,0,1,3,1,0,1,0,1,1,1
50,26864,1,1,3,1,0,0,0,0,0
33,38002,1,0,5,0,0,1,0,0,1
62,25248,1,1,5,0,0,0,0,0,0
59,29661,1,0,4,0,0,0,0,0,0
61,27215,0,1,1,0,0,0,0,0,0
79,25174,1,1,3,0,0,0,0,0,0
19,31138,1,0,2,0,0,0,0,0,0
72,25909,0,0,2,0,0,0,0,0,0
52,51649,1,0,4,0,1,0,0,0,0
59,0,1,2,4,0,0,0,1,1,0
51,21812,1,1,1,0,1,0,0,0,0
47,16946,0,1,1,0,0,0,0,0,0
76,33286,1,1,2,0,0,0,0,0,0
72,31157,1,2,2,0,0,0,0,0,0
30,54332,1,2,2,0,0,0,0,0,0
30,59267,1,1,2,0,1,0,0,0,0
35,18403,1,1,5,0,0,0,1,1,0
49,30007,1,1,1,0,0,0,0,0,0
49,32944,1,1,1,0,1,0,0,0,0
52,18032,1,3,2,0,0,0,1,1,0
76,39425,1,1,3,0,0,0,0,0,0
56,26407,0,0,2,0,0,0,0,0,0
63,13985,1,2,6,1,0,0,1,1,0
69,25806,1,2,7,0,0,0,0,0,0
46,15034,1,0,7,0,0,0,1,1,0
79,45549,0,0,4,0,0,0,0,0,0
66,58523,1,3,6,0,0,1,0,1,0
46,33672,0,2,3,0,0,0,0,0,0
79,31669,0,1,4,0,1,0,0,0,0
70,32286,1,0,7,1,0,0,0,0,0
61,47733,1,1,3,0,0,0,0,0,0
74,47410,1,2,4,1,0,1,0,0,1
33,28265,0,1,2,0,0,0,0,0,0
73,33788,1,1,2,0,0,1,0,0,1
61,39789,0,1,3,0,0,0,0,0,0
64,12934,1,0,4,0,0,0,1,1,0
74,48189,1,0,5,0,1,0,0,0,0
27,56022,1,0,3,1,0,0,0,1,0
47,47475,1,3,3,1,0,0,0,1,0
42,11316,0,0,6,1,0,0,1,1,0
56,449,1,1,1,0,0,0,1,0,0
37,40630,1,2,3,1,0,0,0,0,0
22,18597,1,1,5,0,0,0,1,1,0
18,34307,1,1,2,0,0,0,0,0,0
47,53027,0,1,4,0,0,0,0,0,0
66,20145,1,1,1,0,1,0,0,0,0
20,24336,1,0,4,1,0,0,1,0,0
62,34150,1,2,2,1,0,0,0,0,0
31,10537,0,0,3,0,0,0,0,1,0
73,18632,0,0,6,0,0,0,0,0,0
47,30372,1,2,5,0,0,0,0,0,0
67,25493,1,0,1,0,0,1,0,0,1
21,39126,1,1,5,0,0,0,0,0,0
35,71489,0,2,7,0,0,0,1,0,0
79,31487,1,1,5,0,0,0,0,0,0
54,17374,1,2,5,0,0,0,1,1,0
42,51273,1,1,5,0,0,0,0,0,0
65,6167,1,2,2,0,1,0,1,1,0
18,9166,1,0,5,0,0,0,1,1,0
70,21073,1,2,6,0,0,0,0,1,0
63,25756,1,1,5,0,1,0,0,0,0
32,20713,0,1,2,0,0,0,0,1,1
26,29527,1,0,4,0,0,0,0,0,0
32,34121,1,2,2,0,0,0,0,0,0
66,46034,1,2,7,0,0,0,0,0,0
74,31367,1,2,7,0,1,0,0,0,0
41,21570,1,2,6,0,0,0,0,0,0
21,45219,1,3,6,0,1,0,0,1,0
29,17734,1,0,3,0,0,0,1,1,0
76,5510,1,0,2,0,1,0,1,1,0
75,48089,0,1,4,0,0,0,0,0,0
54,47127,0,3,3,0,1,1,0,1,1
78,18115,1,0,3,0,1,0,1,1,0
54,24013,0,2,1,0,0,0,0,0,0
60,16246,1,3,5,0,0,0,1,1,0
77,34899,1,1,3,0,0,0,0,0,0
23,55980,1,0,3,0,1,0,0,1,0
56,40543,1,3,6,0,0,0,0,1,0
73,45535,1,6,4,1,0,0,0,1,0
63,42295,0,2,3,0,1,0,0,0,0
41,29998,1,1,7,0,0,0,0,0,1
28,46250,1,2,4,0,0,0,0,0,0
79,41175,1,2,5,1,0,0,0,0,0
30,51591,1,1,7,0,0,0,0,0,0
51,23106,1,2,6,0,0,0,0,0,1
42,3928,0,2,7,0,0,0,0,1,0
24,45678,1,1,1,0,0,0,0,0,0
69,35246,0,2,1,0,0,0,0,0,0
21,25559,1,0,5,0,0,0,0,0,0
76,26397,1,0,5,1,0,0,0,1,0
25,68320,1,0,7,1,0,0,0,0,0
37,20367,1,1,6,0,0,0,0,1,0
46,17200,0,1,6,1,0,0,1,1,0
71,31279,1,1,2,0,0,0,0,0,0
70,47707,0,0,3,0,0,1,0,0,1
68,64176,0,1,3,0,0,0,0,0,0
62,39860,1,2,3,0,0,0,0,0,0
63,10943,1,0,4,0,1,0,1,1,0
27,59562,1,1,2,0,0,1,1,0,1
60,29707,1,2,7,0,0,0,0,0,0
51,17434,1,1,3,0,0,0,1,1,0
74,13809,1,0,4,0,1,0,1,1,0
43,42544,0,1,4,0,0,0,0,0,0
58,33582,1,0,1,1,1,0,0,0,0
66,35176,1,0,4,0,0,0,0,0,0
75,49297,1,2,5,1,0,0,0,0,0
20,17967,1,0,6,0,0,0,1,1,0
73,50492,1,3,4,0,0,0,0,1,0
23,22212,1,2,5,1,0,1,1,0,0
22,62460,1,0,5,0,0,0,0,0,0
22,38981,1,0,1,0,0,0,0,0,0
71,16196,1,1,7,0,0,0,1,1,0
64,0,1,1,1,0,0,0,1,0,0
40,42133,1,2,4,1,0,0,0,0,0
66,24387,1,1,1,0,0,0,0,0,0
26,27666,1,1,1,1,1,0,1,0,0
52,41492,1,2,7,0,0,0,0,0,0
37,45156,1,0,6,0,0,0,0,0,0
75,48355,1,2,3,0,0,0,0,0,0
66,12377,1,2,4,0,0,1,1,1,1
78,51388,1,1,7,0,0,0,0,0,0
76,21314,1,2,4,0,0,0,0,1,1
59,0,1,3,4,0,0,0,1,1,0
52,12323,1,0,1,0,0,0,1,0,0
67,33270,0,2,6,0,0,0,0,0,0
35,15317,1,0,1,0,0,0,1,0,1
79,28679,1,3,5,0,0,0,0,1,0
34,35073,1,2,2,0,0,0,0,0,0
41,27279,1,4,2,0,0,0,0,1,0
20,22584,1,0,7,0,0,0,0,0,0
49,11239,0,0,2,0,1,0,0,1,0
52,30329,1,0,7,0,0,0,0,0,0
55,0,1,0,3,0,0,0,0,1,0
30,19710,1,1,1,0,0,0,1,0,1
73,16083,0,1,5,1,0,0,1,1,0
78,26409,1,0,5,0,1,0,0,0,0
64,26800,1,2,2,0,1,0,0,0,0
42,44399,1,2,6,0,0,0,0,0,0
26,53752,1,3,3,0,0,0,0,1,0
21,13233,1,1,7,0,0,1,1,1,1
31,59892,1,2,3,0,0,0,0,0,0
54,18310,1,3,2,0,1,0,1,1,0
51,32587,1,0,7,0,0,0,0,0,0
28,37662,0,1,7,0,0,0,0,0,0
58,66668,1,0,2,0,0,0,0,0,0
73,21865,1,1,1,0,0,0,0,0,0
20,3048,1,1,6,0,1,0,1,1,0
76,52355,1,0,3,0,0,0,0,0,0
45,17499,0,2,5,0,0,0,0,1,0
46,24576,0,3,2,0,0,0,0,1,0
26,13233,1,2,1,0,0,0,1,0,1
20,24619,1,3,5,0,1,0,0,1,0
42,17394,1,3,3,0,1,0,0,1,0
51,40146,1,0,2,0,1,0,0,0,0
29,31211,1,2,7,1,0,0,0,0,1
59,19784,0,0,6,0,0,0,0,1,0
26,44938,0,2,2,0,0,0,0,0,1
32,33824,1,1,6,1,0,0,0,0,0
57,2309,1,1,1,1,0,0,1,0,0
42,43795,1,0,1,0,0,0,0,0,0
22,32773,1,2,3,0,0,0,0,0,0
28,50860,1,0,6,0,0,0,0,0,0
76,31858,1,1,2,0,0,0,0,0,0
51,18124,1,0,1,1,0,0,1,0,0
41,26935,1,1,2,0,1,0,0,0,0
77,42058,0,3,3,0,0,0,0,1,0
32,18438,0,2,6,0,0,0,0,1,0
55,23395,1,0,2,1,1,1,1,0,1
25,26674,1,1,5,0,0,0,0,0,0
76,12759,1,1,2,1,0,0,1,1,0
22,18655,1,1,4,0,0,0,1,1,1
65,32588,1,2,4,0,0,1,0,0,1
43,48037,0,1,7,0,0,0,0,0,0
35,34757,1,0,3,0,1,1,0,0,1
23,29312,1,1,3,0,0,0,0,0,0
54,17530,1,0,3,0,0,0,1,1,0
77,46427,1,0,5,1,0,0,0,0,0
65,36502,1,2,6,0,0,0,0,0,0
30,19399,1,1,5,0,0,0,1,1,0
45,43479,1,1,7,0,0,0,0,0,0
22,38393,1,3,2,0,0,0,0,1,0
30,17797,1,1,1,1,0,0,1,0,1
34,28479,1,1,6,0,0,0,0,0,0
67,22608,0,1,4,0,0,0,0,0,0
57,69503,0,0,4,0,0,0,0,0,0
62,37976,1,3,7,0,0,0,0,1,0
49,32801,1,1,4,0,0,0,0,0,0
79,37089,1,0,7,0,0,0,0,0,0
46,50687,1,0,2,0,1,0,0,0,0
68,28749,1,1,2,0,1,0,0,0,0
75,21151,1,0,3,1,0,0,1,1,0
20,42664,1,0,1,0,0,0,0,0,0
73,27375,1,0,3,0,0,0,0,0,0
57,13951,0,1,2,1,0,0,1,1,0
51,11029,0,2,5,0,0,0,1,1,0
57,52939,1,0,3,0,0,0,0,0,0
44,31974,1,1,6,0,0,0,1,0,1
30,21156,0,1,2,0,0,0,0,1,1
62,26484,0,2,2,0,0,1,0,0,1
50,42111,1,1,5,0,0,0,1,0,0
23,25598,1,1,5,1,0,0,0,0,0
41,8258,1,2,5,0,0,0,1,1,0
36,34887,1,0,1,0,0,0,0,0,0
33,48125,1,1,6,1,1,0,0,0,0
57,47121,1,0,2,0,0,0,0,0,0
45,21610,1,0,5,1,1,0,1,1,0
50,49037,1,0,1,0,0,0,0,0,0
76,33194,1,2,4,0,0,0,0,0,0
76,48617,1,4,6,1,0,0,0,1,0
65,38605,0,0,7,0,0,0,0,0,0
58,7176,1,2,7,1,0,0,1,1,0
30,56201,1,2,4,1,0,0,0,0,0
60,30776,1,0,4,1,0,0,0,0,0
62,38651,1,0,2,0,0,0,0,0,0
42,9839,1,1,1,0,0,0,1,0,0
70,37579,0,3,1,0,1,0,0,1,0
59,46543,1,1,4,0,0,0,0,0,0
53,59029,1,2,6,0,0,0,0,0,0
44,51005,1,0,3,1,0,0,0,0,0
55,38313,1,1,4,0,0,0,0,0,0
77,6834,0,1,2,1,0,0,1,0,0
24,31984,1,2,4,0,0,0,1,0,0
22,21112,0,3,6,0,0,0,0,1,0
60,33524,1,1,6,0,0,0,1,0,0
62,11755,1,1,4,0,0,0,1,0,1
75,26847,0,0,1,0,1,0,0,0,0
74,22242,1,0,4,0,0,0,0,0,0
68,21777,0,0,5,1,0,0,1,1,0
48,21926,0,2,5,0,0,0,0,0,0
40,27962,1,2,3,0,0,0,0,0,0
59,34292,1,3,2,0,0,0,0,1,0
27,0,1,0,2,0,0,0,1,1,1
49,0,1,0,7,0,0,0,1,1,0
60,24919,1,3,1,0,1,0,0,1,0
70,27033,1,0,2,0,0,0,1,0,0
47,32836,0,1,3,0,1,0,0,0,0
56,19084,0,2,5,0,0,0,0,1,0
48,30141,1,0,1,0,0,1,0,0,1
35,31897,1,0,6,0,0,0,0,0,0
53,18981,1,0,5,0,0,1,1,1,1
19,45201,1,0,3,0,0,0,0,0,0
31,32654,1,1,1,0,0,0,0,0,0
30,38204,0,0,4,0,0,0,0,1,0
46,31032,0,1,2,0,0,0,0,0,0
29,61555,1,2,3,1,0,0,0,0,0
56,38945,1,1,1,1,0,0,0,0,0
19,22680,1,3,5,0,0,1,0,1,1
49,42314,0,1,1,1,0,0,0,0,0
30,5435,1,2,4,0,1,0,1,1,0
63,31794,1,2,3,0,0,0,0,0,0
44,34787,0,2,1,0,0,0,0,0,0
66,31965,1,1,6,0,0,0,0,0,0
58,24993,1,3,3,0,1,0,0,1,0
34,14815,1,0,3,0,0,0,1,1,0
57,18159,0,0,5,0,0,0,0,1,0
48,31531,1,1,7,0,0,0,0,0,0
51,13297,1,1,2,0,0,0,1,1,0
77,56552,1,1,7,0,0,0,0,0,0
41,0,1,2,6,1,1,1,1,1,1
62,25148,0,0,4,0,0,0,0,0,0
52,31655,1,1,1,0,1,0,0,0,0
65,37611,1,2,7,0,0,0,0,0,0
23,16261,1,3,2,0,1,0,1,1,1
36,47014,1,1,5,0,1,0,0,0,0
47,9092,0,1,2,0,0,0,1,1,0
24,21508,1,2,3,0,0,0,0,1,0
27,39311,1,0,3,0,0,0,0,0,0
58,45602,1,2,4,0,0,0,0,0,0
49,8939,1,1,6,0,0,0,1,1,0
51,69675,1,1,1,0,0,0,0,0,0
45,16537,1,1,1,0,0,0,1,0,0
77,10317,1,1,5,0,0,0,1,1,0
32,37540,1,2,4,1,1,0,0,0,0
47,24775,1,1,1,0,0,0,0,0,0
54,22559,1,2,6,0,0,0,0,0,0
46,38934,0,1,3,0,0,0,0,0,1
39,7090,1,1,4,0,0,1,1,1,1
21,4467,1,1,2,0,0,0,1,1,1
37,21038,1,1,7,0,0,0,0,1,0
49,46168,1,1,7,0,0,0,0,0,0
53,21689,1,1,4,0,0,0,0,1,0
67,53987,1,1,4,0,0,0,0,0,0
21,48015,1,1,6,1,0,0,0,0,0
44,34244,1,2,6,0,0,0,0,0,0
34,35095,1,1,1,0,0,0,0,0,0
29,34230,1,2,7,0,0,0,0,0,0
39,32395,1,0,5,0,0,0,0,0,0
34,24506,1,1,5,0,1,0,0,0,0
27,26247,0,1,6,0,0,0,0,0,0
71,13950,1,1,1,1,0,0,1,0,0
18,0,1,3,1,0,0,1,0,0,1
39,46561,0,0,1,0,0,0,0,1,0
43,32358,0,0,6,0,0,0,1,0,0
73,30093,1,1,5,0,0,1,0,0,1
76,35976,1,4,1,0,0,0,0,1,0
35,17574,1,0,6,0,0,0,0,1,0
67,14984,1,0,2,0,0,0,1,1,0
31,25744,0,2,2,0,1,0,0,0,0
64,50521,1,1,3,0,0,0,0,0,0
46,12468,1,0,2,0,0,0,1,0,0
29,0,1,1,4,0,0,0,1,1,0
53,22178,1,0,3,1,1,0,1,0,0
76,47140,1,1,2,0,0,0,0,0,0
52,4011,0,1,4,0,0,0,0,1,0
69,12295,0,0,2,0,0,0,0,1,0
78,33953,0,1,6,0,0,0,0,0,0
29,68548,1,0,7,0,0,0,0,0,0
24,9626,1,0,4,1,0,0,1,1,1
46,9045,1,2,1,0,0,0,1,0,0
28,35080,1,1,6,0,0,0,0,0,0
50,48070,1,1,7,0,0,0,0,0,0
23,20638,1,1,4,0,0,0,1,1,0
64,5679,1,1,6,0,0,0,1,0,0
32,36506,0,0,1,1,0,1,0,0,1
49,39222,1,0,4,0,0,0,0,0,0
68,56679,1,0,4,1,0,1,0,0,1
28,39854,1,2,7,0,1,0,0,0,0
75,42420,1,4,6,0,0,1,0,1,1
40,26067,1,4,2,0,0,0,0,1,0
43,66622,1,1,4,0,0,0,0,0,0
51,24027,1,1,2,1,0,0,1,0,0
63,20821,1,1,4,0,1,1,1,1,1
51,57142,1,1,5,1,0,0,0,0,0
46,7886,1,2,3,0,1,0,1,1,0
21,2288,1,2,2,0,0,0,1,1,1
34,31793,1,3,2,1,0,0,0,1,0
52,29973,1,2,7,0,1,0,0,0,0
30,26581,1,1,1,0,0,1,0,0,1
58,44908,1,3,5,0,0,0,0,1,0
56,16376,1,2,1,0,1,0,1,0,0
32,30962,1,0,5,0,0,0,0,0,0
72,24598,0,1,5,0,0,0,0,0,0
46,16631,0,1,6,0,0,0,0,1,0
46,29072,1,1,6,0,0,0,0,0,0
28,42788,1,2,6,0,0,0,0,0,0
69,61808,1,1,4,0,1,0,0,0,0
49,38691,1,1,7,0,0,0,0,0,0
19,0,0,1,1,0,0,0,0,0,1
64,29427,1,1,3,0,1,0,0,0,0
31,30747,1,0,5,0,0,0,0,0,0
37,44043,1,0,5,0,0,0,0,0,0
39,32772,1,1,7,0,0,0,0,0,0
28,48796,1,2,2,0,1,0,0,0,0
44,35875,0,1,4,0,1,0,0,0,0
20,53381,1,3,3,0,0,0,0,1,0
34,23418,1,0,6,1,1,0,1,1,0
79,32165,1,2,5,0,0,0,0,0,0
61,42399,1,0,2,0,0,0,0,0,0
73,21417,1,2,1,0,1,0,0,0,0
45,18149,1,1,5,0,0,0,1,1,0
46,20559,1,1,2,0,0,0,0,1,0
38,18761,1,0,1,0,0,0,1,0,0
64,37838,1,1,4,0,0,0,0,0,1
33,2477,1,0,6,0,0,0,1,1,0
54,6660,1,0,7,0,0,0,1,0,0
76,57941,1,3,1,0,1,0,0,1,0
37,19123,1,1,5,0,1,0,1,1,0
23,33000,0,3,3,0,0,0,0,1,0
36,7662,0,1,1,0,0,0,0,0,1
74,31411,1,1,3,0,0,1,0,0,1
22,19214,1,0,3,0,0,0,1,1,0
20,6553,1,1,1,0,0,0,1,0,1
76,50053,1,0,7,1,0,0,0,0,0
18,47738,0,4,7,0,0,0,1,1,0
75,28389,1,1,4,0,0,0,0,0,0
77,44991,1,2,7,0,0,0,0,0,0
55,58549,1,1,1,0,0,0,0,0,0
32,41311,0,0,7,0,0,1,0,0,1
51,37195,1,1,2,0,0,0,0,1,0
78,32984,1,1,6,0,0,1,0,0,1
52,39742,1,2,3,0,0,0,0,0,0
66,24541,1,1,6,0,0,0,0,0,0
42,25850,1,2,5,0,0,0,0,0,0
41,36763,1,1,3,0,0,1,0,1,1
29,22892,1,1,5,0,0,0,0,0,0
35,24513,0,1,2,0,0,0,0,0,0
32,30002,1,2,2,0,0,0,0,1,0
61,47259,1,1,6,0,1,0,0,0,0
33,13010,0,1,2,0,0,0,0,1,1
44,41387,0,1,1,0,0,0,0,0,0
25,41876,1,1,3,0,1,0,0,0,0
77,41787,1,1,5,0,0,0,0,0,0
63,17898,1,3,7,0,0,0,1,1,0
42,4609,1,0,6,0,0,0,1,1,0
34,38395,0,2,6,0,0,0,0,1,0
46,32813,0,1,2,0,0,0,0,0,0
70,45065,1,3,2,0,0,0,0,1,0
25,19491,0,0,5,0,0,0,0,1,0
32,41401,1,0,3,0,1,0,0,1,0
44,45816,1,1,3,0,0,0,0,0,0
63,28570,1,0,6,0,0,0,0,0,0
67,36253,1,1,5,1,0,0,0,0,1
69,35729,0,0,6,0,0,0,0,0,0
24,17677,1,0,7,1,0,0,1,1,0
20,37966,0,0,4,0,0,0,0,0,0
46,54337,1,3,3,0,0,0,0,1,0
61,30333,1,1,5,0,0,0,0,0,0
70,8086,1,0,7,0,0,0,1,1,0
41,19691,1,0,5,0,0,0,1,1,0
77,3308,0,1,6,0,1,0,0,1,1
75,49353,1,0,2,1,0,0,0,0,0
20,41461,1,1,5,0,0,0,0,0,1
37,22479,1,0,6,1,0,0,1,0,0
63,8729,0,0,1,0,1,1,0,0,1
32,17500,1,1,2,0,1,0,1,1,1
42,20425,0,0,2,0,0,0,0,1,0
47,31641,1,1,3,0,0,0,0,0,0
31,31136,1,1,4,0,0,0,0,0,0
24,50121,1,0,3,1,0,0,0,0,0
34,19608,1,2,1,0,0,0,1,1,1
79,7377,1,1,6,0,0,1,1,1,1
61,12645,1,0,2,0,0,0,1,1,0
37,29654,0,1,2,0,0,0,0,0,0
53,19069,1,2,7,0,0,0,1,1,0
26,25619,0,1,5,0,0,0,0,0,1
55,23189,1,0,4,0,0,0,0,0,0
65,44853,1,2,4,0,0,0,0,0,0
74,21195,1,0,5,0,0,0,0,1,0
77,24339,1,0,1,0,1,0,0,0,0
39,40759,1,3,4,0,0,0,0,1,0
71,21525,1,1,2,0,0,0,0,1,1
70,36348,0,2,1,0,0,0,0,0,0
70,34972,1,2,3,1,0,0,0,0,0
19,32126,1,2,3,1,1,0,0,0,0
41,12984,1,2,1,0,0,1,1,0,1
25,48446,1,0,2,1,0,0,0,0,0
28,63310,1,0,7,0,0,1,0,0,1
30,30132,1,3,3,0,1,0,0,1,0
34,14304,0,1,6,0,0,0,0,1,0
25,30436,1,0,2,1,0,0,0,0,0
38,44847,1,1,5,0,0,0,0,1,0
35,20772,1,2,4,0,0,0,0,1,0
47,28066,1,2,7,1,0,0,0,0,0
35,35109,1,2,7,0,0,0,0,0,0
63,48045,0,0,1,0,0,0,0,0,0
64,41631,1,0,4,0,0,0,0,0,0
48,42253,0,0,5,0,0,0,0,0,0
55,23605,1,2,3,0,1,0,0,0,0
49,36028,1,2,7,0,1,0,0,0,0
28,19170,1,4,6,0,0,0,1,1,0
62,42682,1,0,2,0,0,0,0,0,0
42,47268,0,2,7,0,1,0,0,0,0
50,38300,1,2,7,0,0,1,0,0,1
77,24488,1,1,2,0,0,0,0,0,0
55,26944,1,1,5,0,1,0,0,0,0
58,57097,1,1,1,0,0,0,1,0,0
25,24739,1,0,7,1,0,1,1,0,1
28,45749,1,0,7,0,0,0,0,0,0
39,35083,0,3,4,0,0,0,0,1,0
68,24987,1,1,6,0,0,0,0,0,0
41,9830,0,1,3,0,1,1,0,1,1
58,33174,1,3,1,0,0,1,0,1,1
34,31366,1,1,6,0,0,0,0,0,0
29,57098,0,0,6,0,0,0,0,0,1
74,17097,0,0,5,1,0,0,1,1,0
63,64421,1,2,5,0,0,0,0,0,0
49,35682,1,0,2,0,0,0,0,0,0
32,35667,0,2,3,1,1,0,0,0,0
33,21103,0,0,1,0,0,0,0,0,1
71,34720,1,4,2,0,0,0,0,1,0
39,37095,1,0,7,0,0,0,0,0,0
45,44059,1,1,3,0,0,0,0,0,0
37,15325,0,3,4,0,0,0,0,1,0
50,51101,1,2,4,0,0,0,0,0,0
27,35421,0,1,2,0,1,0,0,0,0
57,39123,0,0,1,0,0,0,0,0,0
49,26685,1,2,3,0,0,0,0,0,0
67,16077,1,2,4,0,0,0,1,1,0
77,31090,1,1,4,0,0,0,0,0,0
50,32809,1,0,1,0,0,0,0,0,0
19,9218,1,0,2,1,0,0,1,1,1
50,41899,1,0,5,0,0,0,0,0,0
50,44947,1,0,7,0,0,0,0,0,0
58,19055,1,0,6,0,0,0,1,1,0
30,14661,1,1,7,0,0,0,1,1,0
47,25455,1,1,3,0,0,1,0,0,1
50,30358,1,1,4,0,0,0,0,0,1
30,26037,1,1,6,0,0,0,0,0,1
69,29086,1,3,6,1,0,0,0,1,0
43,33322,1,2,5,0,0,0,0,0,0
39,9475,1,3,6,0,0,0,1,1,0
56,11200,1,3,1,0,1,0,1,1,0
19,0,0,3,2,0,0,0,0,0,1
55,44138,1,1,3,0,0,0,0,0,0
56,30228,1,0,1,0,1,0,0,0,0
43,45717,1,0,2,0,1,0,0,0,0
63,12933,1,1,1,0,1,0,1,0,0
75,30366,0,2,4,0,0,0,0,0,0
67,33222,1,0,4,0,1,0,0,0,0
32,21573,1,5,5,0,0,0,0,0,0
51,6698,1,3,1,0,0,0,1,0,0
59,56188,1,3,7,0,0,0,0,1,1
72,50989,1,1,6,0,1,1,0,1,1
61,24271,1,0,4,1,0,0,1,0,0
66,37653,1,0,2,0,0,0,0,0,0
57,22728,0,1,5,0,0,0,0,0,0
28,15068,1,1,6,1,0,1,1,1,1
78,57408,1,1,3,0,1,0,0,0,0
20,5169,1,0,1,1,0,0,1,0,1
76,25717,1,2,7,0,0,0,0,0,0
23,31264,1,0,4,0,0,0,0,0,0
26,54768,0,0,7,0,0,1,0,0,1
23,43448,0,2,6,0,0,0,0,0,0
26,4916,1,0,2,0,0,0,1,1,1
56,29958,1,1,1,0,0,0,0,1,0
48,30315,1,0,7,0,0,0,0,0,0
49,26574,1,1,2,0,0,0,0,1,0
58,39297,1,0,5,0,0,1,0,0,1
67,8863,1,2,4,1,0,0,1,1,0
29,23870,1,3,4,1,1,0,1,1,0
25,37182,1,1,5,1,0,0,0,0,0
25,40193,0,1,2,0,0,0,0,0,1
67,32241,0,0,7,0,0,0,0,0,0
45,25674,0,1,1,0,0,0,0,0,0
79,28200,0,2,2,0,1,0,0,1,0
37,41106,0,0,1,0,0,0,0,0,0
79,30508,1,0,6,0,0,0,0,0,0
64,14372,1,2,5,1,0,1,1,1,1
76,11497,1,0,3,0,0,0,0,1,0
24,7655,0,1,1,1,0,0,1,0,1
28,51833,1,2,4,0,0,0,1,0,1
37,42111,1,1,6,0,0,0,0,0,0
33,28402,0,1,4,0,1,0,0,0,0
21,23193,1,3,6,0,0,1,1,1,1
23,21391,0,1,4,1,1,0,1,1,1
75,46398,1,1,2,0,0,1,0,0,0
39,58566,1,2,7,0,0,0,0,0,0
43,20919,1,0,2,0,0,0,0,1,0
20,47076,1,1,2,0,0,1,0,0,1
58,30420,1,3,7,0,0,0,0,1,0
77,26813,1,1,6,0,0,0,0,0,0
59,52563,1,0,6,0,0,0,0,0,0
31,29847,0,2,7,0,0,0,0,0,0
28,34445,0,0,4,0,0,0,0,0,0
35,33724,1,3,1,0,0,0,0,1,0
71,5616,1,3,6,0,1,0,1,1,0
29,34326,1,0,4,0,0,0,0,0,0
40,21559,0,1,1,0,0,0,0,0,0
29,8682,1,0,7,0,0,1,1,1,1
30,22242,1,3,2,0,0,0,0,0,0
42,22119,1,2,6,0,0,0,0,0,0
62,45448,1,1,3,1,0,0,0,0,0
68,14043,1,1,2,0,0,0,1,1,0
75,18152,0,2,5,0,0,0,0,1,0
36,33530,1,4,1,0,0,0,0,1,0
72,10113,1,0,3,0,0,0,1,1,0
63,20114,1,0,2,0,0,1,0,1,1
53,5032,1,0,6,0,0,0,1,1,0
62,43800,1,0,3,0,1,0,0,0,0
25,25479,1,1,4,0,0,0,0,0,0
46,29761,1,0,1,0,1,0,0,0,0
72,43740,1,0,5,0,0,0,0,0,0
70,19165,1,2,4,1,0,0,1,1,0
72,25320,1,1,3,1,0,0,0,0,0
49,14155,1,2,2,1,1,0,1,1,0
68,14122,1,2,1,0,0,0,1,0,0
61,16191,1,1,6,0,0,0,1,1,0
35,22612,0,0,5,0,0,0,0,0,0
23,24228,1,0,2,0,1,0,0,0,0
35,34329,0,0,5,0,0,0,0,0,0
36,16631,1,0,6,0,0,0,1,1,0
39,34794,1,1,7,1,0,1,0,0,1
54,37275,1,1,1,0,0,0,0,0,0
49,22982,1,7,3,0,0,0,0,1,0
73,17929,1,1,5,0,0,0,1,1,0
58,31276,1,1,1,1,0,0,0,0,0
76,26956,0,2,5,0,0,0,0,0,0
20,33305,0,5,2,0,0,0,0,1,0
45,53547,1,0,5,0,0,0,0,0,0
27,31029,1,3,7,0,0,0,0,0,0
68,20411,0,0,2,0,0,0,0,1,0
52,16636,0,1,2,0,0,0,0,1,0
78,17216,1,0,1,0,0,0,1,0,0
46,8058,1,0,4,0,0,0,1,1,0
71,43991,1,0,6,0,0,0,0,0,0
32,0,0,1,5,0,0,0,0,1,0
50,37321,0,0,3,1,0,0,0,0,0
24,16979,1,2,2,1,0,0,1,1,1
29,22313,1,0,4,0,0,0,0,1,0
66,16530,1,0,2,1,0,0,1,1,0
47,51687,1,0,4,0,0,0,0,0,0
38,30244,1,0,4,0,0,0,0,0,0
48,41855,0,1,3,0,0,0,0,0,0
75,49507,1,2,4,0,0,0,0,0,0
78,32451,1,2,3,0,1,0,0,0,0
41,12065,1,1,1,0,1,0,1,0,0
37,26690,1,0,2,0,0,0,0,0,0
54,18866,1,2,3,0,0,0,1,0,0
21,22447,0,2,6,0,0,0,0,0,0
45,28580,1,4,7,0,1,0,0,1,0
61,27987,1,1,2,0,0,1,0,0,1
79,36181,1,0,7,1,0,1,0,0,1
37,38359,1,1,6,0,0,0,0,1,0
77,27987,1,1,5,1,0,0,0,0,0
41,36052,1,1,6,0,0,0,0,0,0
67,21759,1,1,1,0,0,1,0,0,1
66,49721,0,1,5,0,1,0,0,0,0
68,21517,1,1,5,0,0,0,0,1,0
49,47957,0,0,4,0,0,0,0,0,0
58,7858,1,0,6,0,0,0,1,1,0
53,24293,1,3,4,0,0,0,0,1,0
75,25035,1,2,6,0,0,0,0,0,0
70,34184,1,1,5,0,0,0,0,0,0
51,42927,1,0,4,0,1,0,0,0,0
53,11259,0,0,7,0,0,1,0,1,1
19,13380,1,0,2,0,0,0,1,1,1
32,8971,0,1,6,0,1,0,0,1,0
51,49802,1,0,6,0,1,0,0,0,0
53,34464,1,1,4,1,0,0,0,0,0
23,13734,1,0,6,1,0,0,1,1,0
56,23353,1,1,5,0,0,0,0,0,0
59,47726,0,1,4,0,0,1,0,0,1
68,25828,0,2,4,0,1,0,0,0,0
68,24942,1,3,3,0,0,0,0,1,0
75,18280,1,4,7,1,0,0,1,1,0
71,14625,0,3,7,1,0,0,1,1,0
78,47749,1,1,3,0,0,0,0,0,0
29,55108,1,1,5,0,0,0,0,0,0
20,15222,0,2,2,1,1,0,1,1,1
62,51074,1,2,6,0,0,0,0,1,0
35,22689,0,1,1,0,1,0,0,0,1
57,38004,1,0,6,0,0,1,0,0,1
38,51153,1,2,1,0,0,0,0,0,0
32,27823,1,0,7,0,0,0,0,0,0
50,25080,1,2,5,0,0,0,0,0,0
52,42016,0,0,2,0,0,1,0,0,1
43,13350,1,2,2,0,0,0,1,1,0
25,47205,1,2,2,0,0,0,0,1,0
53,32142,0,3,3,0,0,0,0,1,0
65,21333,1,3,5,0,0,0,0,1,0
47,20937,1,1,1,0,0,0,0,0,0
40,9248,1,0,2,1,0,0,1,1,0
59,21957,1,1,5,0,0,0,0,1,0
61,26039,1,1,6,0,0,0,0,0,0
31,14080,1,2,1,1,0,0,1,1,1
31,29318,1,1,7,1,0,0,0,0,0
19,37093,1,1,3,0,0,0,0,0,0
72,26797,1,0,4,0,0,0,0,0,0
54,39940,1,1,1,0,0,0,0,0,0
22,17892,1,1,7,0,0,0,1,1,0
55,45050,1,1,7,0,1,0,0,0,0
62,31827,1,3,7,1,0,0,0,1,0
58,53178,1,1,6,0,0,0,0,0,0
79,66213,1,0,1,0,1,0,0,0,0
71,22946,1,1,1,0,1,0,0,0,0
77,23564,1,2,4,0,0,1,0,0,0
78,26306,1,1,2,1,0,0,1,0,0
64,38935,0,2,6,0,1,0,0,0,0
31,49889,1,2,7,0,0,0,0,0,0
73,20207,1,2,4,0,0,0,0,1,0
56,35718,1,0,1,0,0,0,0,0,0
42,27961,1,0,6,1,0,0,0,0,0
37,39271,0,0,3,0,1,0,0,0,0
19,52641,1,2,1,0,0,0,0,0,0
56,26395,1,0,3,0,0,0,0,0,0
23,4951,0,4,5,0,0,0,0,1,0
34,41158,1,0,3,0,0,0,0,0,0
76,17509,1,0,1,0,0,0,1,0,0
42,27853,1,0,4,0,1,0,0,0,0
74,41805,1,1,1,0,0,0,0,0,0
45,34460,1,1,1,0,0,0,0,0,0
19,28474,1,1,5,1,0,0,0,0,0
52,21361,0,0,7,0,0,0,0,1,0
54,0,1,1,2,0,0,0,1,1,0
22,40474,1,0,1,1,0,0,0,0,1
18,26205,1,4,5,0,0,0,0,1,0
57,52700,1,1,4,0,0,0,0,0,0
29,35970,1,0,5,0,0,0,0,0,0
73,21883,1,0,5,0,0,0,0,1,0
53,46003,1,1,3,0,0,0,0,0,0
62,47266,1,1,2,0,0,0,0,0,0
40,26714,1,1,2,0,0,0,0,0,0
64,47904,1,1,6,1,0,0,0,0,0
48,21670,1,1,7,0,0,0,0,1,0
28,32394,1,0,4,0,0,0,0,0,1
27,38571,1,2,6,0,0,0,0,0,0
20,41771,1,0,7,0,0,0,0,0,0
71,39322,1,0,7,0,0,0,0,0,0
31,25010,1,3,5,1,1,0,0,1,0
33,46405,1,4,4,0,0,0,0,1,0
27,28133,1,3,7,0,0,0,0,1,0
46,21464,1,0,4,0,0,0,0,1,0
27,21684,1,1,2,0,0,0,0,1,1
29,59099,1,2,2,0,0,0,0,0,0
47,18870,1,0,2,0,1,0,1,1,0
58,49374,1,0,1,1,0,0,0,0,0
18,12967,0,0,5,0,0,0,0,1,0
22,37318,1,3,4,1,0,0,0,0,0
37,34456,0,1,5,1,0,0,0,0,0
25,54318,1,1,7,1,0,0,0,0,0
60,20183,1,0,4,0,0,0,0,1,0
29,16040,1,0,4,1,1,0,1,1,0
18,28252,1,0,6,0,0,0,0,0,0
74,54972,1,0,4,0,0,0,0,0,0
71,16737,1,1,4,0,0,0,1,1,0
37,0,0,4,3,1,0,0,1,1,0
45,30896,1,1,3,0,0,0,0,0,0
74,44242,1,3,6,0,0,0,0,1,0
60,14792,0,1,1,0,0,0,0,0,0
54,42718,1,0,2,0,1,0,1,0,0
64,14461,0,3,7,0,0,0,0,1,0
54,27801,1,3,7,0,0,0,0,1,0
29,41290,0,1,4,0,0,0,0,1,0
54,12188,0,1,5,1,0,1,1,1,1
66,32722,0,0,7,0,1,0,1,0,0
66,48224,1,2,3,1,1,0,0,0,0
73,37109,1,2,2,0,1,0,0,0,0
61,19190,1,1,1,0,0,0,1,0,0
73,52780,1,1,2,0,1,0,0,0,0
45,39875,1,1,4,0,1,1,0,0,1
64,2093,1,0,2,0,0,0,1,1,0
32,42963,1,1,4,0,0,0,0,0,0
23,21429,1,0,6,0,0,0,0,1,0
61,32948,1,0,3,0,0,0,0,0,0
76,45120,1,2,3,0,0,0,1,0,0
78,21755,1,3,4,0,0,0,0,1,0
37,5316,0,2,5,0,0,0,1,1,0
67,52583,1,2,3,0,0,0,0,0,1
31,47468,0,1,5,0,0,0,0,0,0
19,28691,1,0,4,1,0,0,0,0,0
26,42801,1,0,6,0,0,0,0,0,0
54,24459,1,3,4,0,1,0,0,1,0
37,31454,1,2,6,0,1,0,0,1,0
43,27835,1,1,7,0,1,0,0,0,0
46,25065,1,0,3,0,0,0,0,0,0
18,35389,1,2,5,0,0,0,0,0,0
72,11877,1,0,4,0,0,0,1,1,0
52,26226,1,0,7,1,0,0,0,0,0
23,34717,1,0,3,0,1,0,0,0,0
54,57571,1,0,7,0,0,0,0,0,0
70,12486,1,1,6,0,0,0,1,1,0
76,37808,1,2,4,0,0,0,0,1,0
22,39452,1,0,7,0,1,0,0,0,0
50,1849,1,0,7,0,0,0,1,1,0
66,36157,0,1,6,0,0,0,0,0,0
68,43204,1,0,2,0,0,0,0,0,0
31,38829,0,0,6,1,0,1,0,0,1
29,28741,1,4,2,0,0,0,0,1,0
59,34998,1,1,3,0,1,0,0,0,0
37,32547,1,0,4,0,0,0,0,0,0
70,4658,1,0,7,0,0,0,1,1,0
67,32899,0,0,3,0,1,0,0,0,0
41,24493,1,0,1,0,0,0,0,0,0
76,19427,1,0,6,0,1,0,1,1,0
60,67274,1,1,3,0,1,0,0,0,0
79,48789,1,2,3,0,0,1,0,0,1
51,12747,1,1,7,0,0,0,1,1,0
42,35199,1,0,2,0,0,0,0,0,0
67,51870,1,0,6,0,1,0,0,0,0
46,7557,0,2,2,0,1,0,0,1,0
74,31154,0,0,4,0,0,0,0,0,0
56,31861,1,1,3,0,0,0,0,0,0
48,10882,1,1,6,1,0,0,1,1,0
73,35693,1,1,3,0,1,0,0,0,0
64,46743,1,1,4,0,0,0,0,0,1
60,52620,1,2,5,1,0,0,0,0,0
67,26259,0,6,4,0,0,0,0,1,0
40,67524,1,4,2,0,0,0,0,1,0
61,0,1,3,2,0,1,0,1,1,0
55,35343,0,4,3,0,0,0,0,1,0
37,8815,1,0,2,1,0,0,1,1,1
40,31352,1,2,6,0,0,0,0,0,0
79,22171,1,0,4,0,0,0,0,1,0
62,37603,1,4,3,0,0,1,1,1,1
69,28096,1,1,4,1,0,0,0,0,0
33,17610,1,1,4,0,0,0,1,1,0
67,18595,1,2,3,0,1,0,1,1,0
59,58986,1,1,7,0,0,0,0,0,0
77,36652,1,1,5,0,1,1,0,0,1
72,4468,1,0,7,0,0,0,1,1,0
25,38261,1,1,2,0,0,0,0,0,1
67,27079,0,2,1,0,0,0,1,0,0
38,30069,1,0,7,0,0,0,0,0,0
18,42298,1,2,1,0,0,0,0,0,0
72,47748,1,2,1,0,0,0,0,0,0
25,17117,0,0,2,0,0,0,0,1,1
46,29553,1,2,5,0,0,0,0,0,0
49,21808,1,2,4,0,0,0,0,1,0
55,38952,0,3,3,0,0,0,0,1,0
22,26515,0,1,5,0,0,0,0,0,0
64,30438,1,1,1,0,0,0,0,0,0
39,25945,1,1,6,0,0,0,0,1,0
64,28408,1,2,2,0,1,0,0,0,0
51,55569,1,2,7,0,0,0,0,0,0
18,65861,1,2,2,0,1,0,0,0,0
72,35656,1,1,7,0,0,0,0,0,0
72,28500,1,1,3,0,1,0,0,0,0
43,6065,1,1,6,1,0,1,1,1,1
60,18593,0,2,4,0,0,0,0,1,0
27,28098,1,3,5,0,0,0,0,1,0
47,19274,1,2,6,1,0,0,1,1,0
67,20851,1,1,5,0,1,1,1,1,1
35,53630,1,0,5,0,0,0,0,0,0
34,30431,0,4,4,0,0,0,1,1,0
43,31773,1,0,4,0,0,1,0,0,1
25,19887,1,2,7,0,0,0,1,1,0
64,47663,1,2,4,0,0,0,0,0,0
57,26811,1,2,3,0,0,0,0,0,0
66,22187,0,2,2,0,0,0,0,0,0
29,6288,1,2,1,0,0,0,1,0,1
44,29083,1,0,4,1,0,0,1,0,0
25,21719,1,0,2,0,0,0,0,1,1
42,55268,1,1,7,0,0,0,0,0,0
63,57658,1,1,4,0,0,0,0,0,0
21,11470,1,1,1,0,0,0,1,0,1
50,13167,0,1,6,0,1,0,0,1,0
18,25855,1,1,4,0,0,0,0,0,1
36,17759,1,1,2,0,1,0,1,1,1
48,33261,0,0,7,0,0,0,0,0,0
33,25100,1,1,7,1,1,0,0,0,0
31,34207,1,2,3,0,0,0,0,0,0
70,45241,1,3,7,0,0,0,0,1,0
65,14036,1,1,6,0,0,0,1,1,0
22,44928,1,2,7,0,0,0,0,0,0
58,19070,0,4,7,0,1,1,0,1,1
43,62227,1,0,6,0,0,0,0,0,0
79,54314,1,1,6,1,0,0,0,0,1
45,28303,1,1,1,0,0,0,0,0,0
19,15546,1,4,2,0,1,0,1,1,1
67,12677,0,0,5,0,0,1,0,1,1
23,43104,1,1,7,0,0,0,0,0,0
26,29543,1,1,5,0,0,0,0,0,0
50,43903,0,2,5,0,0,0,0,0,0
58,63063,1,1,3,0,1,0,0,0,0
42,18444,1,2,4,0,0,0,1,1,0
65,11547,1,1,7,0,0,0,0,0,0
30,32888,1,1,4,0,0,0,0,0,0
26,47171,1,1,4,0,1,0,1,0,0
70,15893,1,0,3,0,0,0,0,1,0
30,30519,1,0,5,0,1,0,0,0,0
48,50550,1,1,6,0,0,0,0,0,0
58,5506,0,2,4,0,0,0,0,1,0
28,33529,0,1,6,0,0,0,0,0,0
21,21898,0,0,6,0,0,0,0,1,0
51,31862,0,2,3,0,1,0,0,0,0
78,40646,0,1,3,0,0,0,0,0,0
55,33312,1,2,2,1,0,0,0,0,0
63,14846,1,1,7,0,1,0,1,1,0
21,22481,0,2,4,0,0,0,1,0,0
55,51398,1,0,5,0,0,0,0,0,0
36,34933,1,3,1,0,0,0,1,1,0
23,42604,1,0,3,1,0,0,0,0,0
51,33754,1,3,6,0,1,0,0,1,0
35,42136,1,2,2,0,0,0,0,0,0
30,24057,1,0,1,0,0,0,0,0,0
58,18487,1,0,3,0,0,0,1,1,0
40,41455,1,1,2,0,0,0,0,0,0
36,46910,1,1,6,0,0,0,0,0,0
62,16285,1,1,4,0,0,0,1,1,0
28,21360,1,1,7,0,0,0,0,1,0
18,27551,1,1,7,0,0,0,0,0,0
41,54297,1,4,2,0,0,0,0,1,0
79,38447,0,5,3,0,0,0,0,1,0
71,10138,0,0,7,1,0,0,1,1,0
24,28605,1,0,7,0,0,0,0,0,0
42,26311,1,0,4,0,0,1,0,0,1
38,12400,1,4,6,1,1,0,1,1,0
32,28428,1,1,5,0,0,0,0,0,0
18,25649,1,3,7,0,0,0,0,1,0
29,24575,0,1,2,0,1,0,1,0,1
75,23889,0,1,1,1,0,0,1,0,0
24,52070,1,2,6,1,0,0,0,0,0
32,24544,0,2,4,0,1,0,0,0,0
38,30745,0,1,6,0,0,0,0,0,0
36,29118,1,0,4,0,0,0,0,0,0
77,22424,0,1,6,0,0,0,0,0,0
46,31192,1,2,5,1,1,0,0,0,0
42,30980,1,2,2,1,1,0,0,1,0
50,31196,1,0,1,0,1,0,0,0,0
66,17111,1,1,7,0,0,0,1,1,0
49,26908,1,2,5,0,0,0,0,0,0
66,41404,1,3,2,0,0,0,0,0,0
52,27302,1,3,1,0,0,1,0,1,1
61,32426,1,0,6,0,1,0,0,0,0
55,32505,0,1,7,0,0,0,0,0,0
43,36260,0,2,1,0,0,0,0,0,0
28,38379,1,2,3,0,0,0,0,0,0
52,27387,1,3,1,1,0,0,0,1,0
25,16329,1,1,2,1,0,0,1,1,1
63,11719,1,1,5,0,0,0,1,1,0
31,45265,0,2,7,0,0,0,0,0,0
27,41553,1,2,5,0,0,0,0,0,0
19,39740,1,1,7,1,1,0,0,0,0
63,42168,1,0,3,0,0,0,0,0,1
26,27576,1,0,2,0,0,0,0,0,0
20,20626,1,2,1,0,1,0,0,0,1
38,15293,1,1,3,0,0,1,1,1,1
43,13659,0,1,6,0,0,0,0,1,0
25,48182,1,1,4,0,0,0,0,0,0
65,22602,1,1,6,0,0,0,0,0,1
19,45822,1,2,2,1,0,0,0,0,0
23,27196,1,0,3,0,0,0,0,0,0
45,19856,0,2,5,0,0,0,1,1,0
70,13584,1,1,3,0,0,0,1,1,0
46,21177,1,1,4,0,0,0,0,1,0
43,51273,0,2,2,0,0,0,0,0,0
42,13736,1,2,3,0,0,0,1,1,0
29,61751,1,1,7,0,0,0,0,1,0
22,17390,1,1,6,1,0,0,0,1,0
51,41249,1,0,1,0,0,0,0,0,0
65,27821,1,1,6,0,0,0,0,0,0
54,25191,1,1,2,0,0,0,0,0,0
32,10928,1,1,3,0,1,0,1,1,0
61,28524,1,2,6,0,0,0,0,0,0
53,12625,1,1,3,0,0,0,1,1,0
32,4776,0,0,6,0,0,0,0,1,0
60,31793,1,1,2,0,0,0,0,0,0
65,20468,1,3,5,0,0,0,0,1,0
40,55265,1,3,6,0,1,0,0,1,0
23,45000,1,0,1,0,0,0,0,0,0
63,55461,1,2,6,1,1,0,0,0,0
67,19786,1,0,2,0,0,0,1,1,0
61,32042,1,2,6,0,0,0,0,0,0
76,0,0,3,1,0,1,0,0,1,0
60,25772,0,0,7,1,0,0,0,0,1
62,31477,1,1,1,0,1,0,0,0,0
38,32310,0,1,2,0,1,0,0,0,0
40,29364,1,1,3,0,0,0,0,0,0
60,30998,0,0,6,1,0,0,0,0,0
72,0,1,1,5,0,0,0,1,0,0
33,33843,1,2,1,0,0,0,0,0,0
64,37251,1,2,7,0,0,0,0,0,0
70,50070,1,2,1,0,0,0,0,0,0
77,35531,1,2,6,0,0,0,0,0,0
32,28038,0,2,3,1,0,0,0,0,0
42,46574,0,0,6,0,0,0,0,0,0
53,0,1,3,7,0,0,0,1,1,0
28,22275,1,2,7,0,0,0,1,0,0
68,18512,1,0,2,0,0,0,1,1,0
32,29482,1,5,5,0,0,0,0,1,0
21,0,1,2,6,0,0,0,1,1,0
38,49794,1,1,1,0,0,0,0,0,0
30,26252,0,2,1,0,1,0,0,0,0
39,34781,1,2,2,0,0,0,0,0,0
36,33346,1,1,3,0,0,0,0,0,0
51,48937,1,0,6,1,0,0,0,0,0
31,2070,1,1,4,0,0,0,1,1,0
78,31684,1,3,3,0,0,0,0,1,0
21,47192,1,0,1,0,0,0,0,0,0
65,28530,1,1,7,0,0,0,0,0,0
70,15730,0,3,6,0,0,0,0,1,0
69,20941,0,1,7,1,1,0,1,1,0
63,24105,1,0,1,0,0,0,0,0,0
44,19184,1,1,5,0,0,0,1,1,0
46,27707,1,1,3,0,0,0,0,0,0
64,52623,0,0,4,0,0,0,0,0,0
45,21039,0,1,5,0,0,0,0,1,0
52,22684,1,0,4,0,0,0,0,0,0
25,36896,1,1,5,0,0,0,0,0,0
33,27377,1,1,3,0,0,1,0,0,0
59,10062,1,2,1,0,0,0,1,1,0
53,29082,0,2,4,0,0,0,0,0,0
47,28516,1,2,3,0,0,0,0,0,0
35,44635,1,1,4,0,0,0,0,0,0
19,15417,1,1,3,0,0,0,1,1,0
66,44734,1,1,5,0,0,0,0,0,0
30,28532,1,1,3,0,0,0,1,0,0
21,13380,0,3,5,1,0,0,1,1,0
43,10368,1,2,1,0,0,0,1,0,0
42,59015,0,3,5,0,1,0,0,1,0
47,27601,1,2,2,0,0,0,0,0,0
28,44047,1,3,1,0,1,0,0,1,0
24,4378,1,1,7,0,0,0,0,1,0
48,69565,1,2,7,0,0,0,0,1,0
61,43398,1,1,7,0,0,0,0,0,0
27,26168,0,0,6,0,0,0,0,0,1
56,25407,1,1,6,1,1,0,0,0,0
30,41018,1,1,3,0,0,0,0,0,0
48,40157,1,3,3,0,0,0,0,1,0
24,32737,1,2,2,0,0,0,0,0,0
73,30163,1,1,3,0,0,0,0,0,0
66,38416,1,1,1,0,1,0,0,1,0
59,3874,1,2,1,0,0,0,1,0,0
78,24430,0,0,7,0,0,0,0,0,0
59,5297,1,3,5,1,0,0,1,1,0
73,39068,1,0,4,0,1,0,0,0,0
53,19862,1,1,3,1,0,1,1,1,1
37,6426,0,0,2,0,1,0,0,1,1
21,18093,1,1,7,0,0,0,1,1,0
71,32240,0,0,6,0,0,0,0,0,0
24,26921,1,1,1,0,0,0,0,0,0
71,12402,1,0,1,0,0,0,1,1,0
